File ID	File Name	Data Category	Data Type	Project ID	Case ID	Sample ID	Sample Type
e142da42-cf4a-4d31-b003-27d0371d8717	4bc2dca9-5680-4139-9a02-80fefd87e56c.rna_seq.augmented_star_gene_counts.tsv	Transcriptome Profiling	Gene Expression Quantification	BEATAML1.0-COHORT	2015	BA2861R	Primary Blood Derived Cancer - Bone Marrow
4fff9e23-f40d-473f-b9d9-f1b07458845b	cb42e7a1-4188-4d80-9994-56b31985de54.rna_seq.augmented_star_gene_counts.tsv	Transcriptome Profiling	Gene Expression Quantification	BEATAML1.0-COHORT	2219	BA2477R	Primary Blood Derived Cancer - Bone Marrow
78d8ac17-aa34-4b15-904d-4b3d418970f8	44977951-a278-4463-a1af-2ef7f4e1aa71.rna_seq.augmented_star_gene_counts.tsv	Transcriptome Profiling	Gene Expression Quantification	BEATAML1.0-COHORT	2219	BA2244R	Recurrent Blood Derived Cancer - Peripheral Blood
f5fb9900-17f3-4f09-bf9b-34bba99e30b7	280d4666-1486-4a0c-a89e-ed6bf4fb68a5.rna_seq.augmented_star_gene_counts.tsv	Transcriptome Profiling	Gene Expression Quantification	BEATAML1.0-COHORT	2219	BA3089R	Recurrent Blood Derived Cancer - Bone Marrow
d4d28755-3ce0-43fb-9d7e-fbc3e6c5595b	daebc966-3d20-4524-9587-d9840c966451.rna_seq.augmented_star_gene_counts.tsv	Transcriptome Profiling	Gene Expression Quantification	BEATAML1.0-COHORT	2184	BA2619R	Primary Blood Derived Cancer - Peripheral Blood
1039aa8b-3d3c-423c-9e41-a6ec31ebff09	01da5f65-e850-4cdf-8061-a5ee7bcce5ec.rna_seq.augmented_star_gene_counts.tsv	Transcriptome Profiling	Gene Expression Quantification	BEATAML1.0-COHORT	2515	BA2288R	Recurrent Blood Derived Cancer - Bone Marrow
06f3aa73-b20f-4201-b045-4f9d7166bc68	245a74cf-4697-48b7-95a2-605d8ae84074.rna_seq.augmented_star_gene_counts.tsv	Transcriptome Profiling	Gene Expression Quantification	BEATAML1.0-COHORT	2330	BA2375R	Recurrent Blood Derived Cancer - Peripheral Blood
0b7deec4-f4e3-46ab-83a3-931a5b8723e9	ff5bb04c-e6d8-400e-a7a2-131ef721d1ca.rna_seq.augmented_star_gene_counts.tsv	Transcriptome Profiling	Gene Expression Quantification	BEATAML1.0-COHORT	2270	BA2334R	Recurrent Blood Derived Cancer - Peripheral Blood
c95465e9-db5f-4c67-bfc5-f3f4704df316	a6787605-d113-4b39-b9fd-3f4cb87fda96.rna_seq.augmented_star_gene_counts.tsv	Transcriptome Profiling	Gene Expression Quantification	BEATAML1.0-COHORT	2429	BA2025R	Recurrent Blood Derived Cancer - Bone Marrow
ee747787-3e6a-42ad-8cb8-0ac148090abf	db805d16-d376-4ea8-b54c-b576e983581e.rna_seq.augmented_star_gene_counts.tsv	Transcriptome Profiling	Gene Expression Quantification	BEATAML1.0-COHORT	2067	BA2482R	Primary Blood Derived Cancer - Bone Marrow
060bf3f4-6b0b-4070-8f30-d3764adf3be5	5bab7fe0-a8fb-4d45-9aa1-443552ff53af.rna_seq.augmented_star_gene_counts.tsv	Transcriptome Profiling	Gene Expression Quantification	BEATAML1.0-COHORT	2268	BA2353R	Recurrent Blood Derived Cancer - Bone Marrow
a567a583-7969-407a-87ef-2640e91f6764	e0a425cf-fc85-415f-82b1-538dabde1368.rna_seq.augmented_star_gene_counts.tsv	Transcriptome Profiling	Gene Expression Quantification	BEATAML1.0-COHORT	2309	BA3076R	Recurrent Blood Derived Cancer - Peripheral Blood
232b27ec-ba30-4d4f-8e13-dfd6a8e6de55	fbbe57ba-7835-4fb4-859c-b2556d7908dd.rna_seq.augmented_star_gene_counts.tsv	Transcriptome Profiling	Gene Expression Quantification	BEATAML1.0-COHORT	2664	BA3153R	Primary Blood Derived Cancer - Peripheral Blood
d555856e-9277-48f7-a898-cb4edb0f315a	851fd94e-c1da-4a8a-992c-0b22cf28fa83.rna_seq.augmented_star_gene_counts.tsv	Transcriptome Profiling	Gene Expression Quantification	BEATAML1.0-COHORT	2662	BA3169R	Recurrent Blood Derived Cancer - Peripheral Blood
0f46c8b7-6a1e-4fea-9594-19b2867a237e	a7999e11-7c13-40b9-ae00-8bf6e367605e.rna_seq.augmented_star_gene_counts.tsv	Transcriptome Profiling	Gene Expression Quantification	BEATAML1.0-COHORT	2157	BA2452R	Recurrent Blood Derived Cancer - Bone Marrow
651d7880-62d6-496c-a3b1-8e876a138f51	216af677-4fd9-4428-80a5-69c3e93c626d.rna_seq.augmented_star_gene_counts.tsv	Transcriptome Profiling	Gene Expression Quantification	BEATAML1.0-COHORT	2206	BA2813R	Primary Blood Derived Cancer - Bone Marrow
1ac22d7e-a1a2-418e-9100-48291a400a35	f3fbba09-45a4-4a2e-ac0a-781eb383d313.rna_seq.augmented_star_gene_counts.tsv	Transcriptome Profiling	Gene Expression Quantification	BEATAML1.0-COHORT	2655	BA3362R	Primary Blood Derived Cancer - Bone Marrow
b0580d32-3535-4aef-b60d-b9345b0ac100	c1c59aae-ae9e-4683-9027-6094b7b840d0.rna_seq.augmented_star_gene_counts.tsv	Transcriptome Profiling	Gene Expression Quantification	BEATAML1.0-COHORT	2715	BA3329R	Recurrent Blood Derived Cancer - Peripheral Blood
c2af9241-e939-4cf3-9916-d632c56a0a14	2dd1fa5b-e612-4003-97db-f92e70339484.rna_seq.augmented_star_gene_counts.tsv	Transcriptome Profiling	Gene Expression Quantification	BEATAML1.0-COHORT	2333	BA2417R	Recurrent Blood Derived Cancer - Peripheral Blood
f3ca8da6-3394-489d-93dd-2c7e46142d89	205596bd-3193-48c7-909a-a963761870b7.rna_seq.augmented_star_gene_counts.tsv	Transcriptome Profiling	Gene Expression Quantification	BEATAML1.0-COHORT	2133	BA2675R	Primary Blood Derived Cancer - Peripheral Blood
faedfd09-4ac4-4cae-92de-afee11cf4c49	632135b5-0919-4062-9a18-84a47fc80efd.rna_seq.augmented_star_gene_counts.tsv	Transcriptome Profiling	Gene Expression Quantification	BEATAML1.0-COHORT	2426	BA2400R	Primary Blood Derived Cancer - Bone Marrow
fa9f414a-3741-46bc-b5e4-1bd328dd25a6	a09c3bd3-11ae-4e9d-8adf-441846dbb1fb.rna_seq.augmented_star_gene_counts.tsv	Transcriptome Profiling	Gene Expression Quantification	BEATAML1.0-COHORT	2061	BA2762R	Primary Blood Derived Cancer - Peripheral Blood
f90b3fef-acc1-4696-b317-200586f4a690	2efc1fea-38be-4c16-ba36-89e1cb5668c9.rna_seq.augmented_star_gene_counts.tsv	Transcriptome Profiling	Gene Expression Quantification	BEATAML1.0-COHORT	2294	BA2276R	Primary Blood Derived Cancer - Bone Marrow
b97989a3-f6c2-4bd0-a49d-a7511777ea52	3f1bd07d-bfa2-423b-a4b6-6b48ce2c4600.rna_seq.augmented_star_gene_counts.tsv	Transcriptome Profiling	Gene Expression Quantification	BEATAML1.0-COHORT	2704	BA3167R	Primary Blood Derived Cancer - Bone Marrow
e8cd7fea-0ad1-4639-8b0b-595072e8dab6	8dde8a08-99f1-400a-b05b-0e2b06b9a490.rna_seq.augmented_star_gene_counts.tsv	Transcriptome Profiling	Gene Expression Quantification	BEATAML1.0-COHORT	2022	BA2032R	Recurrent Blood Derived Cancer - Peripheral Blood
d2ca62ed-19ea-4b5f-b546-124d787bf925	b3d54893-7db9-4b0a-b678-b618f2efa888.rna_seq.augmented_star_gene_counts.tsv	Transcriptome Profiling	Gene Expression Quantification	BEATAML1.0-COHORT	2263	BA2440R	Primary Blood Derived Cancer - Bone Marrow
5e437615-fad5-4b08-8ac2-8c7dd86ac9c1	22a0d59d-884d-427d-97ff-95ce7c6d49da.rna_seq.augmented_star_gene_counts.tsv	Transcriptome Profiling	Gene Expression Quantification	BEATAML1.0-COHORT	2748	BA3332R	Primary Blood Derived Cancer - Bone Marrow
73a4b5dd-8b83-4b35-ac66-c9585a3b71e8	632e058e-ebdc-4009-bcd4-0d68d1b67be2.rna_seq.augmented_star_gene_counts.tsv	Transcriptome Profiling	Gene Expression Quantification	BEATAML1.0-COHORT	2146	BA2801R	Recurrent Blood Derived Cancer - Peripheral Blood
2dddf646-4970-4b1e-b69a-22fecc8f19dd	499b6b79-5d1d-4146-b596-a2a8628e8c34.rna_seq.augmented_star_gene_counts.tsv	Transcriptome Profiling	Gene Expression Quantification	BEATAML1.0-COHORT	2485	BA2100R	Recurrent Blood Derived Cancer - Peripheral Blood
ae4ce6a9-3be5-48fe-b126-52d16b027ea8	94f91c43-0770-4feb-b0e1-01a210463b7e.rna_seq.augmented_star_gene_counts.tsv	Transcriptome Profiling	Gene Expression Quantification	BEATAML1.0-COHORT	2531	BA2528R	Primary Blood Derived Cancer - Bone Marrow
f504d415-e560-4722-8f5b-e197eeee2924	d9c456d9-ffd5-4c90-ba0f-62eaa41a4f27.rna_seq.augmented_star_gene_counts.tsv	Transcriptome Profiling	Gene Expression Quantification	BEATAML1.0-COHORT	2668	BA3206R	Primary Blood Derived Cancer - Bone Marrow
31e602f5-72b2-492c-a9bb-136a78b8f8d6	cb841422-25ae-405e-bc80-84a8b977d494.rna_seq.augmented_star_gene_counts.tsv	Transcriptome Profiling	Gene Expression Quantification	BEATAML1.0-COHORT	2126	BA2082R	Primary Blood Derived Cancer - Bone Marrow
da539a37-ecaa-47bc-987a-37043e27df60	7a02ac65-a3a5-445b-9fa9-163bb323493a.rna_seq.augmented_star_gene_counts.tsv	Transcriptome Profiling	Gene Expression Quantification	BEATAML1.0-COHORT	2726	BA3190R	Blood Derived Cancer - Peripheral Blood
6a4bd17f-d8fa-48b0-a7d7-fc47e9f72594	6cdcbca5-81e5-4e26-8c1d-6c458cbc51cb.rna_seq.augmented_star_gene_counts.tsv	Transcriptome Profiling	Gene Expression Quantification	BEATAML1.0-COHORT	2136	BA2004R	Recurrent Blood Derived Cancer - Peripheral Blood
bafc5bdc-47c1-488f-a108-741d65588531	b40796c1-6c55-4670-aed2-feea593c2899.rna_seq.augmented_star_gene_counts.tsv	Transcriptome Profiling	Gene Expression Quantification	BEATAML1.0-COHORT	2525	BA2283R	Blood Derived Normal
be63671a-18c6-4519-87a1-49f8d4fa86fd	4057df36-fcb4-46a2-9c5d-3284e04ab6cc.rna_seq.augmented_star_gene_counts.tsv	Transcriptome Profiling	Gene Expression Quantification	BEATAML1.0-COHORT	2812	BA3315R	Primary Blood Derived Cancer - Peripheral Blood
28994a63-7e96-47c8-a6df-5b7d8db2dd1d	f3690dc9-17c0-4346-9c01-a55a63da33d0.rna_seq.augmented_star_gene_counts.tsv	Transcriptome Profiling	Gene Expression Quantification	BEATAML1.0-COHORT	2692	BA3083R	Blood Derived Cancer - Peripheral Blood
d637134b-99ce-4127-a3f5-8600db5cb3df	0bcfdcc9-f530-4d3b-bec1-07ffd5c32ff6.rna_seq.augmented_star_gene_counts.tsv	Transcriptome Profiling	Gene Expression Quantification	BEATAML1.0-COHORT	2106	BA2420R	Primary Blood Derived Cancer - Bone Marrow
933e5d59-33a9-4e5f-886f-72502e5aad42	ac941faf-1e8a-4b98-a4dd-0c780982f92b.rna_seq.augmented_star_gene_counts.tsv	Transcriptome Profiling	Gene Expression Quantification	BEATAML1.0-COHORT	2494	BA2976R	Recurrent Blood Derived Cancer - Bone Marrow
006e5777-2603-4db7-a1d6-8c8085c5e3e5	dedcf54a-8d51-4f68-8f38-f3553ce0d6fd.rna_seq.augmented_star_gene_counts.tsv	Transcriptome Profiling	Gene Expression Quantification	BEATAML1.0-COHORT	2657	BA3297R	Primary Blood Derived Cancer - Bone Marrow
de187f10-7316-4da0-989e-e9bffdcc515f	d244ee06-29e4-4e56-8fe3-1eef668a0a54.rna_seq.augmented_star_gene_counts.tsv	Transcriptome Profiling	Gene Expression Quantification	BEATAML1.0-COHORT	2465	BA2866R	Primary Blood Derived Cancer - Bone Marrow
533489e6-aae0-49b2-98cc-a95316459cda	87ad4a47-26bb-4ca9-96cd-b96af12ff710.rna_seq.augmented_star_gene_counts.tsv	Transcriptome Profiling	Gene Expression Quantification	BEATAML1.0-COHORT	2181	BA2240R	Recurrent Blood Derived Cancer - Peripheral Blood
e22962c7-09d9-4f1f-9530-1abc39ef2a8d	a1b52865-c259-4db7-8334-5311d674cc6e.rna_seq.augmented_star_gene_counts.tsv	Transcriptome Profiling	Gene Expression Quantification	BEATAML1.0-COHORT	2273	BA2871R	Primary Blood Derived Cancer - Peripheral Blood
8c70de10-8b73-4413-abfe-121e5080ac55	5efea546-0251-4226-b23e-c41961927e6a.rna_seq.augmented_star_gene_counts.tsv	Transcriptome Profiling	Gene Expression Quantification	BEATAML1.0-COHORT	2310	BA2124R	Primary Blood Derived Cancer - Bone Marrow
f96b38f6-e2fb-474c-91c7-d121295adb58	af4d329c-f451-42bb-acc1-4d784ed04a32.rna_seq.augmented_star_gene_counts.tsv	Transcriptome Profiling	Gene Expression Quantification	BEATAML1.0-COHORT	2720	BA3311R	Recurrent Blood Derived Cancer - Peripheral Blood
77f04414-ac8d-4558-b1f8-bd295f2e6a8b	03d80778-db75-421a-aebc-6defc6ee0837.rna_seq.augmented_star_gene_counts.tsv	Transcriptome Profiling	Gene Expression Quantification	BEATAML1.0-COHORT	2549	BA2442R	Primary Blood Derived Cancer - Peripheral Blood
2819b67c-2e60-4126-b5e4-5245eadff554	05857f24-3b9a-4039-8947-2a28802c3aec.rna_seq.augmented_star_gene_counts.tsv	Transcriptome Profiling	Gene Expression Quantification	BEATAML1.0-COHORT	2672	BA3266R	Primary Blood Derived Cancer - Bone Marrow
103d1db7-8f05-45cd-ac6d-d667db0c1990	416628bb-a69b-474e-b150-2428b7a663c4.rna_seq.augmented_star_gene_counts.tsv	Transcriptome Profiling	Gene Expression Quantification	BEATAML1.0-COHORT	2346	BA2709R	Primary Blood Derived Cancer - Bone Marrow
2a1a4a16-cd95-4125-81f1-a75f7b9aada9	aab46c1a-188d-4286-9dbe-a998a736bfc5.rna_seq.augmented_star_gene_counts.tsv	Transcriptome Profiling	Gene Expression Quantification	BEATAML1.0-COHORT	2057	BA2659R	Recurrent Blood Derived Cancer - Bone Marrow
a62987dc-553c-4ce1-996e-b2942d65cae2	755b9fdf-6ebd-49cf-9a0f-d4b6023d6c71.rna_seq.augmented_star_gene_counts.tsv	Transcriptome Profiling	Gene Expression Quantification	BEATAML1.0-COHORT	2120	BA2500R	Primary Blood Derived Cancer - Bone Marrow
bea9e5ee-6cfe-4693-ad24-20c8c356ec94	ecbb9331-c5f8-4ba5-8285-4c041ddd84a5.rna_seq.augmented_star_gene_counts.tsv	Transcriptome Profiling	Gene Expression Quantification	BEATAML1.0-COHORT	2733	BA3135R	Primary Blood Derived Cancer - Peripheral Blood
f9230b53-68ae-454e-9fce-bec4be2acad0	1a59622b-8af6-46c2-9f75-aa5dd50a99b2.rna_seq.augmented_star_gene_counts.tsv	Transcriptome Profiling	Gene Expression Quantification	BEATAML1.0-COHORT	2371	BA2200R	Recurrent Blood Derived Cancer - Bone Marrow
7d9645a5-61ac-4d8c-afa2-88a849c718d7	9a4acd13-a17d-4365-839a-9185919834eb.rna_seq.augmented_star_gene_counts.tsv	Transcriptome Profiling	Gene Expression Quantification	BEATAML1.0-COHORT	2737	BA3078R	Primary Blood Derived Cancer - Peripheral Blood
06d2349b-4038-4bd8-9a7d-63352dc5d1d2	745f246e-5af4-498c-a0dd-e0c373a67979.rna_seq.augmented_star_gene_counts.tsv	Transcriptome Profiling	Gene Expression Quantification	BEATAML1.0-COHORT	2618	BA3285R	Recurrent Blood Derived Cancer - Peripheral Blood
746fa020-b205-41f5-abb5-7f2ef9a42eee	6dc98022-cec3-43ef-86a5-1bd3c3fb3af9.rna_seq.augmented_star_gene_counts.tsv	Transcriptome Profiling	Gene Expression Quantification	BEATAML1.0-COHORT	2618	BA3139R	Recurrent Blood Derived Cancer - Peripheral Blood
2d023f51-316b-422b-bcd4-bbf3a7d14032	facad82f-1a6a-4567-80a8-6d0460b83862.rna_seq.augmented_star_gene_counts.tsv	Transcriptome Profiling	Gene Expression Quantification	BEATAML1.0-COHORT	2788	BA3357R	Primary Blood Derived Cancer - Peripheral Blood
015eb9bb-9dc6-46a7-b52d-01d052a13edc	6da0bff7-5a4b-48b1-9658-80ef950ffe6a.rna_seq.augmented_star_gene_counts.tsv	Transcriptome Profiling	Gene Expression Quantification	BEATAML1.0-COHORT	2524	BA2760R	Primary Blood Derived Cancer - Bone Marrow
5b3ddd26-e30d-44da-9921-2a42dc7158bc	63a31130-f159-4f2e-b706-2e1ff4bf821a.rna_seq.augmented_star_gene_counts.tsv	Transcriptome Profiling	Gene Expression Quantification	BEATAML1.0-COHORT	2613	BA3435R	Primary Blood Derived Cancer - Bone Marrow
a01a0761-c318-40a0-8c94-04a30ea62037	fe752d45-14ad-416d-beb0-3b6bd3ec1ad7.rna_seq.augmented_star_gene_counts.tsv	Transcriptome Profiling	Gene Expression Quantification	BEATAML1.0-COHORT	2763	BA3295R	Recurrent Blood Derived Cancer - Bone Marrow
414ac6b8-d569-4060-a816-5fe480a2f8e2	069599c6-ecf3-49f4-800c-9a5df06b600c.rna_seq.augmented_star_gene_counts.tsv	Transcriptome Profiling	Gene Expression Quantification	BEATAML1.0-COHORT	2306	BA2828R	Primary Blood Derived Cancer - Peripheral Blood
cbf953fc-f48b-4547-966c-423dc2ba6f7c	fb35f2b1-2cb9-43d4-a73e-fcf215b462e8.rna_seq.augmented_star_gene_counts.tsv	Transcriptome Profiling	Gene Expression Quantification	BEATAML1.0-COHORT	2218	BA2658R	Primary Blood Derived Cancer - Peripheral Blood
7999cd14-52bf-48f2-ad0d-90d5246fdff2	b2067b7d-8d87-4cad-ace2-e23686d5de82.rna_seq.augmented_star_gene_counts.tsv	Transcriptome Profiling	Gene Expression Quantification	BEATAML1.0-COHORT	2241	BA2737R	Recurrent Blood Derived Cancer - Peripheral Blood
97cd588b-4116-4fc0-a188-f7209391b17d	1701e5a6-7a50-4fd3-bdb8-88258d33e1c3.rna_seq.augmented_star_gene_counts.tsv	Transcriptome Profiling	Gene Expression Quantification	BEATAML1.0-COHORT	2241	BA2463R	Recurrent Blood Derived Cancer - Peripheral Blood
eda1bfd5-c772-432f-91be-0bb9cb3d905e	6beb6845-a00a-4c31-8a22-b2942f0e9922.rna_seq.augmented_star_gene_counts.tsv	Transcriptome Profiling	Gene Expression Quantification	BEATAML1.0-COHORT	2085	BA2040R	Recurrent Blood Derived Cancer - Bone Marrow
fa493a1f-23ff-4753-a234-4dc59d6e8f81	4f77c541-bc57-4c3d-ba1f-78020bd09a29.rna_seq.augmented_star_gene_counts.tsv	Transcriptome Profiling	Gene Expression Quantification	BEATAML1.0-COHORT	2085	BA2855R	Recurrent Blood Derived Cancer - Bone Marrow
c6bc835f-7774-4612-aa7c-7802d01206bf	f4007f17-61ba-44b7-baaa-d194eb29f120.rna_seq.augmented_star_gene_counts.tsv	Transcriptome Profiling	Gene Expression Quantification	BEATAML1.0-COHORT	2085	BA2306R	Primary Blood Derived Cancer - Peripheral Blood
92c4a1f5-7d45-41fb-a968-f212c344eda5	af8a5ea5-752e-426c-881a-63cd8cd53de6.rna_seq.augmented_star_gene_counts.tsv	Transcriptome Profiling	Gene Expression Quantification	BEATAML1.0-COHORT	2085	BA2842R	Recurrent Blood Derived Cancer - Peripheral Blood
8344248a-9bab-4b5b-b857-c8e8dcc30956	3e912fcd-cdd5-477e-8b51-9be6b1797187.rna_seq.augmented_star_gene_counts.tsv	Transcriptome Profiling	Gene Expression Quantification	BEATAML1.0-COHORT	2013	BA2195R	Recurrent Blood Derived Cancer - Peripheral Blood
5e46925e-658d-4e24-b6a4-8ba2e869c965	c08b2fce-2dea-437a-891d-81ca44cad5e1.rna_seq.augmented_star_gene_counts.tsv	Transcriptome Profiling	Gene Expression Quantification	BEATAML1.0-COHORT	2201	BA2097R	Recurrent Blood Derived Cancer - Peripheral Blood
32eb8d48-dc31-4224-a423-2a4931bf0fb5	f307aeb5-7b99-473b-97cf-51ee9026ab6d.rna_seq.augmented_star_gene_counts.tsv	Transcriptome Profiling	Gene Expression Quantification	BEATAML1.0-COHORT	2232	BA2744R	Recurrent Blood Derived Cancer - Peripheral Blood
6e8ae62c-8310-4454-bfb6-74334c171466	135ad768-51fa-4f83-bbba-f87272d486ba.rna_seq.augmented_star_gene_counts.tsv	Transcriptome Profiling	Gene Expression Quantification	BEATAML1.0-COHORT	2777	BA3230R	Primary Blood Derived Cancer - Peripheral Blood
fdf332eb-a089-4747-b462-b0b14cc86045	eb165b70-fc35-4fe2-a8f7-8f1a8b7009ca.rna_seq.augmented_star_gene_counts.tsv	Transcriptome Profiling	Gene Expression Quantification	BEATAML1.0-COHORT	2827	BA3195R	Recurrent Blood Derived Cancer - Bone Marrow
fd0f25bf-f5a6-45f5-9a27-052a4c92a8a6	1001271b-07cc-4823-ae23-881777c5c0d3.rna_seq.augmented_star_gene_counts.tsv	Transcriptome Profiling	Gene Expression Quantification	BEATAML1.0-COHORT	2600	BA3417R	Blood Derived Cancer - Peripheral Blood
e48798e2-a60e-452c-9b47-dedb61e2b523	9cada750-ef23-4a70-9da2-ee29918a244a.rna_seq.augmented_star_gene_counts.tsv	Transcriptome Profiling	Gene Expression Quantification	BEATAML1.0-COHORT	2489	BA2488R	Recurrent Blood Derived Cancer - Bone Marrow
666f241b-a9cf-48b5-bf8f-514b11f1f5f1	9d3d8a03-12cf-4dc7-a42b-95f6e3141657.rna_seq.augmented_star_gene_counts.tsv	Transcriptome Profiling	Gene Expression Quantification	BEATAML1.0-COHORT	2830	BA3079R	Primary Blood Derived Cancer - Peripheral Blood
e256c3b6-8125-408c-9ab4-59ea65c3babd	1cc5fbed-2fe0-4d9a-bade-7cd14cd13817.rna_seq.augmented_star_gene_counts.tsv	Transcriptome Profiling	Gene Expression Quantification	BEATAML1.0-COHORT	2667	BA3181R	Recurrent Blood Derived Cancer - Peripheral Blood
7fd3c948-024d-4fb9-8588-3a0299d1a224	c1f44390-7154-4a10-8877-fe6660f1c7f6.rna_seq.augmented_star_gene_counts.tsv	Transcriptome Profiling	Gene Expression Quantification	BEATAML1.0-COHORT	2817	BA3213R	Primary Blood Derived Cancer - Bone Marrow
3daf3f37-cb29-4c4a-92d9-c2ac7bc75429	e47fa16c-cd5b-4589-8c6e-88616584b022.rna_seq.augmented_star_gene_counts.tsv	Transcriptome Profiling	Gene Expression Quantification	BEATAML1.0-COHORT	2341	BA2174R	Recurrent Blood Derived Cancer - Bone Marrow
c05f9206-8efb-47ce-a4a3-c4b781f4c6a5	2d27c0e3-bcb4-492c-8c87-4dd2501bc0ef.rna_seq.augmented_star_gene_counts.tsv	Transcriptome Profiling	Gene Expression Quantification	BEATAML1.0-COHORT	2825	BA3415R	Primary Blood Derived Cancer - Bone Marrow
987bdcd0-375a-4101-ae26-5acd8b8a3485	c0b94423-a7ce-4d0c-aae8-d4cbb0f53732.rna_seq.augmented_star_gene_counts.tsv	Transcriptome Profiling	Gene Expression Quantification	BEATAML1.0-COHORT	2624	BA3217R	Primary Blood Derived Cancer - Bone Marrow
c3998a63-ef24-4ce9-bfee-07daa5ab4f3a	90b5d282-3749-495f-83b8-a8e30195e250.rna_seq.augmented_star_gene_counts.tsv	Transcriptome Profiling	Gene Expression Quantification	BEATAML1.0-COHORT	2096	BA3105R	Control Analyte
91fdbcdc-3fdc-4409-aea3-1d7decfa2a5f	68a7f7f6-e1a2-4b46-9d90-356ad41cda8e.rna_seq.augmented_star_gene_counts.tsv	Transcriptome Profiling	Gene Expression Quantification	BEATAML1.0-COHORT	2478	BA3010R	Recurrent Blood Derived Cancer - Peripheral Blood
aab625fd-f520-45be-98c9-6085c3f5c53c	a9838c1c-a436-4d93-83ae-e47b88a02264.rna_seq.augmented_star_gene_counts.tsv	Transcriptome Profiling	Gene Expression Quantification	BEATAML1.0-COHORT	2096	BA2448R	Control Analyte
94c1d1f9-5839-4aee-bcf3-ced7f0909a24	6a01f100-34bc-48d4-9063-f7ebfae7fbfb.rna_seq.augmented_star_gene_counts.tsv	Transcriptome Profiling	Gene Expression Quantification	BEATAML1.0-COHORT	2499	BA2294R	Primary Blood Derived Cancer - Bone Marrow
dd2114ef-4fff-4b83-9d3f-2b1e16471059	59918266-f8e6-4219-9bd6-19d3ef14878a.rna_seq.augmented_star_gene_counts.tsv	Transcriptome Profiling	Gene Expression Quantification	BEATAML1.0-COHORT	2513	BA2376R	Primary Blood Derived Cancer - Bone Marrow
84852893-65ab-47db-af82-be366c781b24	909297bc-621e-45c4-9ab6-4e216ea79ec2.rna_seq.augmented_star_gene_counts.tsv	Transcriptome Profiling	Gene Expression Quantification	BEATAML1.0-COHORT	2625	BA3324R	Primary Blood Derived Cancer - Bone Marrow
62750041-e595-42ca-a2b5-a85b4309aa39	7388a6a1-5e83-4d2d-8191-bec550cfd5b7.rna_seq.augmented_star_gene_counts.tsv	Transcriptome Profiling	Gene Expression Quantification	BEATAML1.0-COHORT	2454	BA2387R	Primary Blood Derived Cancer - Bone Marrow
771e05c5-2c26-4dc7-9fa2-39198190de61	4c64fc85-42c3-465f-b5ae-47ef7179c01f.rna_seq.augmented_star_gene_counts.tsv	Transcriptome Profiling	Gene Expression Quantification	BEATAML1.0-COHORT	2814	BA3270R	Primary Blood Derived Cancer - Bone Marrow
02cfc649-807e-4a70-aaa0-a6d0674004bf	500f24e0-a5fd-4349-bf8d-cd66d8aaec20.rna_seq.augmented_star_gene_counts.tsv	Transcriptome Profiling	Gene Expression Quantification	BEATAML1.0-COHORT	2533	BA2515R	Recurrent Blood Derived Cancer - Bone Marrow
aebd3e63-8823-4685-b520-886927de9f30	54fe4e53-fb45-4548-b5b1-8eacaa7b4621.rna_seq.augmented_star_gene_counts.tsv	Transcriptome Profiling	Gene Expression Quantification	BEATAML1.0-COHORT	2455	BA2893R	Primary Blood Derived Cancer - Bone Marrow
e388e625-1bb6-4277-9424-c3198c616c39	b3b208ae-8738-40f6-8cf5-0a780b30591c.rna_seq.augmented_star_gene_counts.tsv	Transcriptome Profiling	Gene Expression Quantification	BEATAML1.0-COHORT	2362	BA2479R	Primary Blood Derived Cancer - Peripheral Blood
ddddc22c-76d3-400e-885a-c958ba1f07e3	06e559fd-06d9-47e2-8eb7-47f138405352.rna_seq.augmented_star_gene_counts.tsv	Transcriptome Profiling	Gene Expression Quantification	BEATAML1.0-COHORT	2695	BA3410R	Primary Blood Derived Cancer - Bone Marrow
61d817ac-7072-43d7-855f-40e5077506e1	e41ec670-0deb-4653-af44-973efda5766e.rna_seq.augmented_star_gene_counts.tsv	Transcriptome Profiling	Gene Expression Quantification	BEATAML1.0-COHORT	2036	BA2731R	Primary Blood Derived Cancer - Peripheral Blood
20bf6ebf-f5bc-49bd-ba20-4aee17f22673	17fa35ef-ad3b-426f-b4a7-3758ef23b8a5.rna_seq.augmented_star_gene_counts.tsv	Transcriptome Profiling	Gene Expression Quantification	BEATAML1.0-COHORT	2694	BA3084R	Primary Blood Derived Cancer - Bone Marrow
878116a2-fab9-4f35-875f-002555a47c6c	6f89a16d-37eb-47f7-a77b-26f4b4a0e8e3.rna_seq.augmented_star_gene_counts.tsv	Transcriptome Profiling	Gene Expression Quantification	BEATAML1.0-COHORT	2578	BA3043R	Primary Blood Derived Cancer - Peripheral Blood
817c8a9c-5b91-42ce-bf52-e522d74b5dcf	deb2f6e1-9a06-4ace-98dc-6339ae91c0ea.rna_seq.augmented_star_gene_counts.tsv	Transcriptome Profiling	Gene Expression Quantification	BEATAML1.0-COHORT	2183	BA3040R	Primary Blood Derived Cancer - Bone Marrow
649d9a1f-2530-4100-86cc-2f48965e351d	d7157a13-87a7-4a5b-ab48-40549b743f30.rna_seq.augmented_star_gene_counts.tsv	Transcriptome Profiling	Gene Expression Quantification	BEATAML1.0-COHORT	2833	BA3412R	Recurrent Blood Derived Cancer - Bone Marrow
6c75ff0a-a9d3-4f1a-a791-05d68f3081d7	8f97499f-e68d-4dc2-b98f-d4653667ec61.rna_seq.augmented_star_gene_counts.tsv	Transcriptome Profiling	Gene Expression Quantification	BEATAML1.0-COHORT	2736	BA3384R	Primary Blood Derived Cancer - Peripheral Blood
a37f012a-6aa0-4881-a962-abe9afc22f00	6c10003b-c5b0-43f1-9f16-24b60b36c7bc.rna_seq.augmented_star_gene_counts.tsv	Transcriptome Profiling	Gene Expression Quantification	BEATAML1.0-COHORT	2448	BA2811R	Primary Blood Derived Cancer - Bone Marrow
821538e5-ecbc-4c53-b4a0-ef46a872f502	185a2997-7811-42b2-8ef8-4d0c5f289191.rna_seq.augmented_star_gene_counts.tsv	Transcriptome Profiling	Gene Expression Quantification	BEATAML1.0-COHORT	2348	BA2992R	Primary Blood Derived Cancer - Bone Marrow
0845acbe-8fa6-44f9-a85a-4fd894863977	6385d824-5323-4fa9-87b7-c7481d3517e8.rna_seq.augmented_star_gene_counts.tsv	Transcriptome Profiling	Gene Expression Quantification	BEATAML1.0-COHORT	2702	BA3156R	Primary Blood Derived Cancer - Peripheral Blood
36ee85fc-1d73-441b-897e-668cb666e6d3	96529de0-b42a-43f7-89d9-b71f9dd819aa.rna_seq.augmented_star_gene_counts.tsv	Transcriptome Profiling	Gene Expression Quantification	BEATAML1.0-COHORT	2292	BA3400R	Recurrent Blood Derived Cancer - Peripheral Blood
fb0acfd8-ca70-44cc-9bfd-2445094729af	9a715d1e-0f3c-4579-bf80-41409ec85966.rna_seq.augmented_star_gene_counts.tsv	Transcriptome Profiling	Gene Expression Quantification	BEATAML1.0-COHORT	2292	BA2386R	Primary Blood Derived Cancer - Peripheral Blood
740da6f0-7b59-414d-87fc-c2591548d49b	610c1fb8-3b7d-4319-beb1-6f0b6ee8b716.rna_seq.augmented_star_gene_counts.tsv	Transcriptome Profiling	Gene Expression Quantification	BEATAML1.0-COHORT	2365	BA2019R	Recurrent Blood Derived Cancer - Peripheral Blood
9ffe2f9d-e700-4982-81b5-1791d3e3299d	17195a09-e292-44fa-bdcf-ef4d524b9f0b.rna_seq.augmented_star_gene_counts.tsv	Transcriptome Profiling	Gene Expression Quantification	BEATAML1.0-COHORT	2783	BA3175R	Recurrent Blood Derived Cancer - Peripheral Blood
973068d8-550b-4d50-b41a-38b17c5590ce	2238ab8d-010d-4fa3-9ea9-8f4d34b90764.rna_seq.augmented_star_gene_counts.tsv	Transcriptome Profiling	Gene Expression Quantification	BEATAML1.0-COHORT	2131	BA2590R	Primary Blood Derived Cancer - Bone Marrow
d4168cfd-887d-4b3b-9916-30eb65c486d9	252d219c-cc2a-4ede-95e0-78183db51ab0.rna_seq.augmented_star_gene_counts.tsv	Transcriptome Profiling	Gene Expression Quantification	BEATAML1.0-COHORT	2117	BA2999R	Recurrent Blood Derived Cancer - Bone Marrow
975a329c-d43a-4d6f-bd4a-67d51200ae74	6ff52d7f-9885-4093-980c-87a4cf8d709b.rna_seq.augmented_star_gene_counts.tsv	Transcriptome Profiling	Gene Expression Quantification	BEATAML1.0-COHORT	2424	BA2035R	Primary Blood Derived Cancer - Peripheral Blood
32f54fdc-d7dc-4bfc-829e-c1124cf289d3	f687774a-8027-49d7-a6b6-c133105d6cd9.rna_seq.augmented_star_gene_counts.tsv	Transcriptome Profiling	Gene Expression Quantification	BEATAML1.0-COHORT	2152	BA2038R	Blood Derived Normal
85573bc0-23dc-4155-8eaa-9d1b18ad669d	538f0dde-da27-4323-a700-37beaa90bd79.rna_seq.augmented_star_gene_counts.tsv	Transcriptome Profiling	Gene Expression Quantification	BEATAML1.0-COHORT	2110	BA2986R	Recurrent Blood Derived Cancer - Bone Marrow
0537a623-51a3-482b-86c1-b47caebfe7c0	5a2426b3-dd67-4567-8e22-7507eafe5e09.rna_seq.augmented_star_gene_counts.tsv	Transcriptome Profiling	Gene Expression Quantification	BEATAML1.0-COHORT	2528	BA2261R	Recurrent Blood Derived Cancer - Bone Marrow
3607f7d1-ffd1-4404-8a38-a79cbfc45f3e	c386660c-4e2e-4558-ae42-abed16bb4d79.rna_seq.augmented_star_gene_counts.tsv	Transcriptome Profiling	Gene Expression Quantification	BEATAML1.0-COHORT	2508	BA2914R	Primary Blood Derived Cancer - Bone Marrow
1b878722-bcb9-43f0-91ff-93b2c8b0f9de	c764c4fb-f07c-4221-bbeb-2d0d60271205.rna_seq.augmented_star_gene_counts.tsv	Transcriptome Profiling	Gene Expression Quantification	BEATAML1.0-COHORT	2154	BA2602R	Blood Derived Normal
81cd8a50-1a17-425c-91a2-f092d728b77e	0155c7ef-776a-4edb-ad25-0d3099f04f91.rna_seq.augmented_star_gene_counts.tsv	Transcriptome Profiling	Gene Expression Quantification	BEATAML1.0-COHORT	2417	BA2134R	Recurrent Blood Derived Cancer - Peripheral Blood
192eaf29-2a73-45d8-b178-1d79281f7e40	cc93dc8c-5238-487a-94be-5e3f367092ce.rna_seq.augmented_star_gene_counts.tsv	Transcriptome Profiling	Gene Expression Quantification	BEATAML1.0-COHORT	2742	BA3339R	Blood Derived Cancer - Peripheral Blood
16d811c1-673b-422a-9d41-48cb007dca1e	3249ee98-0026-4d11-9b1f-6c638aee73a3.rna_seq.augmented_star_gene_counts.tsv	Transcriptome Profiling	Gene Expression Quantification	BEATAML1.0-COHORT	2145	BA2821R	Primary Blood Derived Cancer - Bone Marrow
6e6676d5-b47f-4d1e-89a5-8cdcfb593872	e3148cbb-5e71-47b3-9858-871f27a0b4a8.rna_seq.augmented_star_gene_counts.tsv	Transcriptome Profiling	Gene Expression Quantification	BEATAML1.0-COHORT	2407	BA2235R	Primary Blood Derived Cancer - Bone Marrow
2ab37e53-ef3f-4eb8-bdc6-b7b07177a4fb	d6f4d029-ae8a-46c0-a0b9-06125e86c218.rna_seq.augmented_star_gene_counts.tsv	Transcriptome Profiling	Gene Expression Quantification	BEATAML1.0-COHORT	2395	BA2798R	Recurrent Blood Derived Cancer - Bone Marrow
fe9d7a2b-310c-460a-945d-13c22f28472b	c23e2afa-3f4a-4a2a-a8c7-2f27917acb2f.rna_seq.augmented_star_gene_counts.tsv	Transcriptome Profiling	Gene Expression Quantification	BEATAML1.0-COHORT	2033	BA2269R	Recurrent Blood Derived Cancer - Bone Marrow
f1ab95fa-d23b-435a-bbee-96bd87ddca70	9c0ecef9-9189-47b6-ab9e-bea4872631ae.rna_seq.augmented_star_gene_counts.tsv	Transcriptome Profiling	Gene Expression Quantification	BEATAML1.0-COHORT	2393	BA2662R	Primary Blood Derived Cancer - Bone Marrow
5291e53e-3dfa-44c4-8973-4f745a384eba	60a1e1f9-f35e-421b-b7d5-1659648508d4.rna_seq.augmented_star_gene_counts.tsv	Transcriptome Profiling	Gene Expression Quantification	BEATAML1.0-COHORT	2121	BA2096R	Recurrent Blood Derived Cancer - Bone Marrow
ac2c2db7-155d-44e7-ab55-f41aaf931a9c	0f0f15e1-9a29-4d53-a0e7-a872d399b6d8.rna_seq.augmented_star_gene_counts.tsv	Transcriptome Profiling	Gene Expression Quantification	BEATAML1.0-COHORT	2177	BA2786R	Recurrent Blood Derived Cancer - Peripheral Blood
f8e19bde-0558-4bd0-a522-a1d66d796fb7	31a461e3-0c8b-4bcc-ba03-7fdcb695ecf4.rna_seq.augmented_star_gene_counts.tsv	Transcriptome Profiling	Gene Expression Quantification	BEATAML1.0-COHORT	2408	BA2733R	Primary Blood Derived Cancer - Peripheral Blood
4c2d8686-f2a1-4454-a0ce-886b257afa37	d3184e1e-6635-43ec-a8df-853932b2a19a.rna_seq.augmented_star_gene_counts.tsv	Transcriptome Profiling	Gene Expression Quantification	BEATAML1.0-COHORT	2773	BA3268R	Primary Blood Derived Cancer - Bone Marrow
a3617796-c333-458d-bdff-c8a99afd4606	c95ad0c9-78a6-443d-a82e-f4f36d6a8d22.rna_seq.augmented_star_gene_counts.tsv	Transcriptome Profiling	Gene Expression Quantification	BEATAML1.0-COHORT	2643	BA3399R	Recurrent Blood Derived Cancer - Bone Marrow
abf883b7-6633-4633-bddf-6f32a6c03136	38937818-3b6a-4ab3-b193-d28d3a7e4cdf.rna_seq.augmented_star_gene_counts.tsv	Transcriptome Profiling	Gene Expression Quantification	BEATAML1.0-COHORT	2566	BA2748R	Primary Blood Derived Cancer - Bone Marrow
4fcbeaa6-df82-4e43-99cf-ad6d6998d947	322eeeba-edfc-450b-b3db-783311632d35.rna_seq.augmented_star_gene_counts.tsv	Transcriptome Profiling	Gene Expression Quantification	BEATAML1.0-COHORT	2609	BA3449R	Recurrent Blood Derived Cancer - Peripheral Blood
9278fec1-bb49-4886-90e6-5f5204cd942c	a65915e6-1fbf-42f3-a316-e00c7d17bfae.rna_seq.augmented_star_gene_counts.tsv	Transcriptome Profiling	Gene Expression Quantification	BEATAML1.0-COHORT	2486	BA2629R	Primary Blood Derived Cancer - Bone Marrow
07a7cddc-40cc-496f-88ff-068bc3b5f00d	ba01a759-1442-4d2a-9b5e-aad11523d61f.rna_seq.augmented_star_gene_counts.tsv	Transcriptome Profiling	Gene Expression Quantification	BEATAML1.0-COHORT	2785	BA3085R	Primary Blood Derived Cancer - Peripheral Blood
fb050777-b83e-40d2-bd01-0f04e40bba34	227948da-b358-4180-ad6a-39382998ca3f.rna_seq.augmented_star_gene_counts.tsv	Transcriptome Profiling	Gene Expression Quantification	BEATAML1.0-COHORT	2058	BA2054R	Primary Blood Derived Cancer - Bone Marrow
fed3ecc8-832c-4e3d-99d9-954c5df48522	8be7985c-a9ac-4fbf-9f31-60be699a2e25.rna_seq.augmented_star_gene_counts.tsv	Transcriptome Profiling	Gene Expression Quantification	BEATAML1.0-COHORT	2709	BA3118R	Primary Blood Derived Cancer - Peripheral Blood
f612a90c-8ae6-43ed-aa53-a1688317d448	33061f6e-b912-4eef-bc3a-7ba9dd5b9f99.rna_seq.augmented_star_gene_counts.tsv	Transcriptome Profiling	Gene Expression Quantification	BEATAML1.0-COHORT	2355	BA2891R	Recurrent Blood Derived Cancer - Peripheral Blood
fb698cae-969b-4460-bd9d-e9a0284426c3	5d4c9f3c-a8a6-4855-841e-01c8dce58b9a.rna_seq.augmented_star_gene_counts.tsv	Transcriptome Profiling	Gene Expression Quantification	BEATAML1.0-COHORT	2280	BA2644R	Primary Blood Derived Cancer - Bone Marrow
09b99cd0-47cb-4744-a197-02cc726b62ac	2737ce86-0ad6-4832-bdf1-f20b7467be07.rna_seq.augmented_star_gene_counts.tsv	Transcriptome Profiling	Gene Expression Quantification	BEATAML1.0-COHORT	2280	BA2011R	Primary Blood Derived Cancer - Peripheral Blood
bac46421-f24f-42b0-bb93-57e5b3a32593	f67076ff-9b06-4d85-8ab6-97235f022668.rna_seq.augmented_star_gene_counts.tsv	Transcriptome Profiling	Gene Expression Quantification	BEATAML1.0-COHORT	2211	BA2057R	Blood Derived Normal
0ce9042a-3ea9-49f5-b12b-f68a30765b96	34858726-f369-4da0-95dd-01b7ad78dd6d.rna_seq.augmented_star_gene_counts.tsv	Transcriptome Profiling	Gene Expression Quantification	BEATAML1.0-COHORT	2050	BA2354R	Primary Blood Derived Cancer - Bone Marrow
2d0ac868-b0fa-453f-81e7-9a437fc09c0c	82d0c93d-8b1e-413e-9a5f-ae400884bfcb.rna_seq.augmented_star_gene_counts.tsv	Transcriptome Profiling	Gene Expression Quantification	BEATAML1.0-COHORT	2437	BA2851R	Primary Blood Derived Cancer - Bone Marrow
5c0009c1-23a4-45b2-beac-d6e2ced58399	ad0d4a81-7ced-48cc-b8d3-c73f82cf6643.rna_seq.augmented_star_gene_counts.tsv	Transcriptome Profiling	Gene Expression Quantification	BEATAML1.0-COHORT	2002	BA2111R	Blood Derived Normal
aa1b9e08-e6d8-476d-909f-d500f3c99809	a696eb4a-bef1-43f6-9991-adc3e73457a6.rna_seq.augmented_star_gene_counts.tsv	Transcriptome Profiling	Gene Expression Quantification	BEATAML1.0-COHORT	2696	BA3353R	Primary Blood Derived Cancer - Bone Marrow
1b30c47d-133d-4e9d-828c-21dc161c816e	8dd4883b-bd9e-4ca3-aa63-6d398c4740bd.rna_seq.augmented_star_gene_counts.tsv	Transcriptome Profiling	Gene Expression Quantification	BEATAML1.0-COHORT	2409	BA2695R	Recurrent Blood Derived Cancer - Peripheral Blood
23d34718-ce26-44aa-abc3-290ee4d9fd0a	caab20c2-6d91-499b-9470-bb30e5d8b2f7.rna_seq.augmented_star_gene_counts.tsv	Transcriptome Profiling	Gene Expression Quantification	BEATAML1.0-COHORT	2409	BA2514R	Recurrent Blood Derived Cancer - Bone Marrow
c2b05f54-1905-4878-a775-2e3b013361a8	33950123-72ce-4254-931c-fafb43483113.rna_seq.augmented_star_gene_counts.tsv	Transcriptome Profiling	Gene Expression Quantification	BEATAML1.0-COHORT	2405	BA2418R	Recurrent Blood Derived Cancer - Peripheral Blood
38b8a069-3fc1-41dc-8ee7-263e9c2de498	68da5a84-e872-4f2e-a517-f98069523d0d.rna_seq.augmented_star_gene_counts.tsv	Transcriptome Profiling	Gene Expression Quantification	BEATAML1.0-COHORT	2557	BA2817R	Recurrent Blood Derived Cancer - Peripheral Blood
fe5f75ee-1edd-429e-a388-f7c14fc3211a	1d6fe4db-45ba-4567-945b-ef8e2aef63b1.rna_seq.augmented_star_gene_counts.tsv	Transcriptome Profiling	Gene Expression Quantification	BEATAML1.0-COHORT	2835	BA3109R	Recurrent Blood Derived Cancer - Peripheral Blood
7719d0a5-d750-4438-8404-337965c59abe	cdba9656-7be8-457b-9193-ef819c35ed3d.rna_seq.augmented_star_gene_counts.tsv	Transcriptome Profiling	Gene Expression Quantification	BEATAML1.0-COHORT	2029	BA2065R	Recurrent Blood Derived Cancer - Bone Marrow
0e67bacb-2656-4546-be80-6988b160e0b8	98b03821-8f05-494e-9e5a-2a550e4e66a1.rna_seq.augmented_star_gene_counts.tsv	Transcriptome Profiling	Gene Expression Quantification	BEATAML1.0-COHORT	2530	BA2469R	Recurrent Blood Derived Cancer - Bone Marrow
f050194c-10c8-4987-b11e-d297626bb35d	85b71fb1-ddac-4494-881d-6488859bcec5.rna_seq.augmented_star_gene_counts.tsv	Transcriptome Profiling	Gene Expression Quantification	BEATAML1.0-COHORT	2631	BA3114R	Recurrent Blood Derived Cancer - Peripheral Blood
5bdb2531-adc3-4797-9804-0530c16e62d6	55264ba1-67b6-4521-83fa-0a446a8d047b.rna_seq.augmented_star_gene_counts.tsv	Transcriptome Profiling	Gene Expression Quantification	BEATAML1.0-COHORT	2172	BA3002R	Recurrent Blood Derived Cancer - Peripheral Blood
b6e19fd0-8e4e-4e4c-bdca-b4083170535f	df51a50e-2be1-4e02-a587-fad6ceea0c0d.rna_seq.augmented_star_gene_counts.tsv	Transcriptome Profiling	Gene Expression Quantification	BEATAML1.0-COHORT	2366	BA3317R	Recurrent Blood Derived Cancer - Bone Marrow
104e1ad1-aebc-4852-ab86-158c2d8b3297	848a0ae6-a201-473a-861b-dfc66c0e1237.rna_seq.augmented_star_gene_counts.tsv	Transcriptome Profiling	Gene Expression Quantification	BEATAML1.0-COHORT	2507	BA2242R	Primary Blood Derived Cancer - Peripheral Blood
9c8522d1-1759-4b60-9777-2f65960a6a1e	a42cd975-33f8-4896-970d-a60fd3ededd9.rna_seq.augmented_star_gene_counts.tsv	Transcriptome Profiling	Gene Expression Quantification	BEATAML1.0-COHORT	2765	BA3176R	Primary Blood Derived Cancer - Bone Marrow
b8e4a69b-c25e-46c9-ab2d-0b3513d51cda	73486ace-f726-4a68-a9a5-bcb33d7d4029.rna_seq.augmented_star_gene_counts.tsv	Transcriptome Profiling	Gene Expression Quantification	BEATAML1.0-COHORT	2570	BA2303R	Recurrent Blood Derived Cancer - Peripheral Blood
5a0aea1f-f275-40c1-8982-716268aefcc2	a460068b-6ff3-437d-9e09-b733f9105c8c.rna_seq.augmented_star_gene_counts.tsv	Transcriptome Profiling	Gene Expression Quantification	BEATAML1.0-COHORT	2153	BA3202R	Recurrent Blood Derived Cancer - Bone Marrow
810fb416-38b8-4118-9fb3-15d22c24f529	da641524-2845-42aa-8306-be5b243fc40d.rna_seq.augmented_star_gene_counts.tsv	Transcriptome Profiling	Gene Expression Quantification	BEATAML1.0-COHORT	2621	BA3369R	Recurrent Blood Derived Cancer - Peripheral Blood
c7a269ba-a4e3-4ce4-a651-7ce74f29b753	83090a43-d0e9-432e-add5-d705102f3c24.rna_seq.augmented_star_gene_counts.tsv	Transcriptome Profiling	Gene Expression Quantification	BEATAML1.0-COHORT	2807	BA3427R	Primary Blood Derived Cancer - Peripheral Blood
b7161c90-6160-426b-96fa-340246581c74	17321a1b-988f-4cbc-a8db-5e44703a51e9.rna_seq.augmented_star_gene_counts.tsv	Transcriptome Profiling	Gene Expression Quantification	BEATAML1.0-COHORT	2070	BA2592R	Recurrent Blood Derived Cancer - Bone Marrow
e54e74ce-5eb4-4461-8e0e-337128d61a64	801b83d0-8fed-4b44-a102-a8463e1dc8f9.rna_seq.augmented_star_gene_counts.tsv	Transcriptome Profiling	Gene Expression Quantification	BEATAML1.0-COHORT	2202	BA2470R	Recurrent Blood Derived Cancer - Peripheral Blood
459a70a1-377d-4d88-b4b3-491318215d5d	b918540e-f2b8-4c77-93f7-0781e0251f77.rna_seq.augmented_star_gene_counts.tsv	Transcriptome Profiling	Gene Expression Quantification	BEATAML1.0-COHORT	2529	BA2901R	Primary Blood Derived Cancer - Bone Marrow
4a04f8cd-0984-46ce-8013-f92bea957b25	519b58f8-3592-4e20-bb6e-b3244bb6dabc.rna_seq.augmented_star_gene_counts.tsv	Transcriptome Profiling	Gene Expression Quantification	BEATAML1.0-COHORT	2612	BA3142R	Primary Blood Derived Cancer - Peripheral Blood
c14e4ca8-0874-45b8-bd38-64748d7a58f1	e3ad1d3a-8635-459b-9a9b-4382dd1e901f.rna_seq.augmented_star_gene_counts.tsv	Transcriptome Profiling	Gene Expression Quantification	BEATAML1.0-COHORT	2592	BA3072R	Recurrent Blood Derived Cancer - Peripheral Blood
1bed06d0-cae1-466d-9385-8a6d0e7dc93b	bd1d96cb-2d26-49f7-890a-55ffd2601ad8.rna_seq.augmented_star_gene_counts.tsv	Transcriptome Profiling	Gene Expression Quantification	BEATAML1.0-COHORT	2127	BA2143R	Recurrent Blood Derived Cancer - Bone Marrow
1cead9c0-8277-4485-97ec-a8e1b15256f9	359a8505-d440-4491-b3b4-dccfa62ed665.rna_seq.augmented_star_gene_counts.tsv	Transcriptome Profiling	Gene Expression Quantification	BEATAML1.0-COHORT	2473	BA2429R	Recurrent Blood Derived Cancer - Peripheral Blood
8e231023-b4f9-4a12-a9db-378815ccc9e7	3c626ce8-fee4-425e-98a5-813ff578eb7f.rna_seq.augmented_star_gene_counts.tsv	Transcriptome Profiling	Gene Expression Quantification	BEATAML1.0-COHORT	2693	BA3087R	Primary Blood Derived Cancer - Bone Marrow
e43af904-7c7c-4e8c-8eff-255f8ed9e3ed	dfb0f212-f4de-4ca3-aa87-3d9794e19358.rna_seq.augmented_star_gene_counts.tsv	Transcriptome Profiling	Gene Expression Quantification	BEATAML1.0-COHORT	2441	BA2588R	Primary Blood Derived Cancer - Bone Marrow
8247e507-1f55-4e7a-9ba0-4fa08ea5a84e	5706bb40-c91e-4056-80f0-da6b137e2c6d.rna_seq.augmented_star_gene_counts.tsv	Transcriptome Profiling	Gene Expression Quantification	BEATAML1.0-COHORT	2193	BA2055R	Primary Blood Derived Cancer - Peripheral Blood
62176eb2-9bad-444f-845f-7f21c13e9094	4690b5f4-335f-4314-a1d0-cfa56f9591d2.rna_seq.augmented_star_gene_counts.tsv	Transcriptome Profiling	Gene Expression Quantification	BEATAML1.0-COHORT	2466	BA2921R	Recurrent Blood Derived Cancer - Peripheral Blood
43d7e092-98c6-4245-bfa8-2f0b97430d3c	6cd3ef11-0c83-4690-8069-d8219ff39b92.rna_seq.augmented_star_gene_counts.tsv	Transcriptome Profiling	Gene Expression Quantification	BEATAML1.0-COHORT	2299	BA3034R	Blood Derived Normal
a3eb9ed5-4568-4360-aa89-762b88adccd6	5ef2f468-d96c-4cd2-b0d0-af4c04366743.rna_seq.augmented_star_gene_counts.tsv	Transcriptome Profiling	Gene Expression Quantification	BEATAML1.0-COHORT	2327	BA2970R	Recurrent Blood Derived Cancer - Bone Marrow
3c5eabdf-775d-4d68-8352-f7f6e3568f97	a9a46a89-eb11-4341-aac8-493699d4f03b.rna_seq.augmented_star_gene_counts.tsv	Transcriptome Profiling	Gene Expression Quantification	BEATAML1.0-COHORT	2544	BA2273R	Recurrent Blood Derived Cancer - Bone Marrow
fee8fcbe-723a-4edb-bbfe-7d4b37aba641	a791529f-a503-4eba-92d4-7ae832fc3c83.rna_seq.augmented_star_gene_counts.tsv	Transcriptome Profiling	Gene Expression Quantification	BEATAML1.0-COHORT	2546	BA2472R	Primary Blood Derived Cancer - Bone Marrow
895a8d4a-a1a8-4ada-b3b8-3db2ed19dabd	cb2c7ae9-126d-41b8-8493-7b6b42120ae6.rna_seq.augmented_star_gene_counts.tsv	Transcriptome Profiling	Gene Expression Quantification	BEATAML1.0-COHORT	2039	BA2955R	Primary Blood Derived Cancer - Bone Marrow
c175da62-dcca-4119-a89b-0c43ee77864b	7811184a-d80a-4394-b5f5-b31a44269333.rna_seq.augmented_star_gene_counts.tsv	Transcriptome Profiling	Gene Expression Quantification	BEATAML1.0-COHORT	2016	BA2816R	Primary Blood Derived Cancer - Bone Marrow
65caa539-8cca-437e-b1aa-f3a76684a152	35f9ae9b-cc25-4794-a406-82522d30db37.rna_seq.augmented_star_gene_counts.tsv	Transcriptome Profiling	Gene Expression Quantification	BEATAML1.0-COHORT	2519	BA2663R	Recurrent Blood Derived Cancer - Bone Marrow
47a9e0be-a18d-43b3-be67-fa44bb46dec3	4040c705-ee41-4dfb-9f5d-f42ef062add1.rna_seq.augmented_star_gene_counts.tsv	Transcriptome Profiling	Gene Expression Quantification	BEATAML1.0-COHORT	2323	BA2532R	Primary Blood Derived Cancer - Bone Marrow
00b535f6-064a-4dcf-ab14-387a54eedeee	6463db42-91e3-4a3a-b86d-de2e4ea0dc67.rna_seq.augmented_star_gene_counts.tsv	Transcriptome Profiling	Gene Expression Quantification	BEATAML1.0-COHORT	2414	BA2098R	Primary Blood Derived Cancer - Bone Marrow
00dea64b-7706-4a23-b4ad-8d8cb0b8c9b9	66955ad9-411a-4ae9-9322-6ec6567d6e52.rna_seq.augmented_star_gene_counts.tsv	Transcriptome Profiling	Gene Expression Quantification	BEATAML1.0-COHORT	2498	BA2618R	Recurrent Blood Derived Cancer - Bone Marrow
f8568034-8526-40a7-bbd6-9c7b8926a3c9	9943b083-a583-4cc3-addd-d353c9a3fab6.rna_seq.augmented_star_gene_counts.tsv	Transcriptome Profiling	Gene Expression Quantification	BEATAML1.0-COHORT	2412	BA2052R	Primary Blood Derived Cancer - Bone Marrow
b3a18453-2e32-4fbe-a211-cc856e7a1eb5	dadac46b-f8ae-4a6b-aa6f-8d6a4326f099.rna_seq.augmented_star_gene_counts.tsv	Transcriptome Profiling	Gene Expression Quantification	BEATAML1.0-COHORT	2074	BA2256R	Recurrent Blood Derived Cancer - Bone Marrow
b56681ff-4cd2-4d3b-a3d7-aec46339fd02	bacfd2dc-c2a0-48c7-ab10-9d082344f6ac.rna_seq.augmented_star_gene_counts.tsv	Transcriptome Profiling	Gene Expression Quantification	BEATAML1.0-COHORT	2274	BA2841R	Recurrent Blood Derived Cancer - Bone Marrow
c5f6ed5b-fc5d-4765-a707-93f83daee1ac	05e4d004-a6aa-4dac-821b-8d066fbeb3f9.rna_seq.augmented_star_gene_counts.tsv	Transcriptome Profiling	Gene Expression Quantification	BEATAML1.0-COHORT	2350	BA2459R	Primary Blood Derived Cancer - Bone Marrow
5c246652-413b-4959-a118-bf02b37ab3e6	a3d0b581-1b7e-4d36-9f99-38d8c5c28261.rna_seq.augmented_star_gene_counts.tsv	Transcriptome Profiling	Gene Expression Quantification	BEATAML1.0-COHORT	2436	BA2852R	Recurrent Blood Derived Cancer - Peripheral Blood
42b32f69-426a-4774-84bc-6725d3724bc1	10eda9d9-0d29-44aa-b411-025c41184889.rna_seq.augmented_star_gene_counts.tsv	Transcriptome Profiling	Gene Expression Quantification	BEATAML1.0-COHORT	2537	BA2312R	Primary Blood Derived Cancer - Peripheral Blood
512348f4-a2e5-4389-917b-655382be3473	2102814e-f397-4d4b-abb1-7bd89ae2f6ce.rna_seq.augmented_star_gene_counts.tsv	Transcriptome Profiling	Gene Expression Quantification	BEATAML1.0-COHORT	2075	BA2023R	Primary Blood Derived Cancer - Bone Marrow
8ea664a6-f670-4e9b-94d2-0cbd3d99035a	3c58ff6f-1068-4784-afac-f5ad61f2ed7c.rna_seq.augmented_star_gene_counts.tsv	Transcriptome Profiling	Gene Expression Quantification	BEATAML1.0-COHORT	2591	BA3068R	Recurrent Blood Derived Cancer - Peripheral Blood
171d52f5-7b74-43a9-8c61-69bed947114f	6fb18298-ed5d-4066-8af4-37c693a3bd1f.rna_seq.augmented_star_gene_counts.tsv	Transcriptome Profiling	Gene Expression Quantification	BEATAML1.0-COHORT	2289	BA2688R	Primary Blood Derived Cancer - Peripheral Blood
1d5c7b64-0c6f-4a3d-91e7-ee4100d8e03e	17bf739e-0ece-40a2-aa9d-4d0001ba15f7.rna_seq.augmented_star_gene_counts.tsv	Transcriptome Profiling	Gene Expression Quantification	BEATAML1.0-COHORT	2420	BA3004R	Primary Blood Derived Cancer - Bone Marrow
fce365f9-bc60-4a18-8d73-f6dd2cb0d0e1	39cb844f-0d73-4307-9570-8ca464c257d7.rna_seq.augmented_star_gene_counts.tsv	Transcriptome Profiling	Gene Expression Quantification	BEATAML1.0-COHORT	2337	BA2363R	Recurrent Blood Derived Cancer - Peripheral Blood
494f4469-ea76-4473-845d-eac7aa3655c5	916b831e-6f6f-487b-9163-5393b397440d.rna_seq.augmented_star_gene_counts.tsv	Transcriptome Profiling	Gene Expression Quantification	BEATAML1.0-COHORT	2035	BA2212R	Recurrent Blood Derived Cancer - Bone Marrow
d9374e81-8e81-4585-9c6c-e015d71e30f8	9d89bf88-8daf-44f6-803a-30c370f154dd.rna_seq.augmented_star_gene_counts.tsv	Transcriptome Profiling	Gene Expression Quantification	BEATAML1.0-COHORT	2168	BA2697R	Recurrent Blood Derived Cancer - Peripheral Blood
a824bcaa-3b81-4f0a-b500-9e2af94e449a	3977d527-46f1-4e18-b883-ada327d6cb2e.rna_seq.augmented_star_gene_counts.tsv	Transcriptome Profiling	Gene Expression Quantification	BEATAML1.0-COHORT	2731	BA3219R	Primary Blood Derived Cancer - Peripheral Blood
d3b712bc-5cdc-40cc-82f1-7658414e44f0	72756525-3c5a-4fa6-bc37-e649835f488b.rna_seq.augmented_star_gene_counts.tsv	Transcriptome Profiling	Gene Expression Quantification	BEATAML1.0-COHORT	2037	BA2300R	Primary Blood Derived Cancer - Bone Marrow
88f19ac1-c114-4204-af71-e8ae38e8688b	f7f80dde-9fc4-4280-9f2b-647a152a2b5d.rna_seq.augmented_star_gene_counts.tsv	Transcriptome Profiling	Gene Expression Quantification	BEATAML1.0-COHORT	2373	BA2455R	Primary Blood Derived Cancer - Peripheral Blood
5fb54b9c-ae03-4766-9c97-7df9f674bffe	7326ecea-299b-4522-a9f8-e6ac013d424e.rna_seq.augmented_star_gene_counts.tsv	Transcriptome Profiling	Gene Expression Quantification	BEATAML1.0-COHORT	2711	BA3240R	Recurrent Blood Derived Cancer - Bone Marrow
f4754770-d30d-4338-8951-b8e46a2465f2	92443ff4-129b-49a9-b551-be95694fc80c.rna_seq.augmented_star_gene_counts.tsv	Transcriptome Profiling	Gene Expression Quantification	BEATAML1.0-COHORT	2139	BA2885R	Primary Blood Derived Cancer - Bone Marrow
cbce639a-a4b2-4d74-9773-faab950a9536	0e6c0b42-f421-40e9-995a-9554bcc75586.rna_seq.augmented_star_gene_counts.tsv	Transcriptome Profiling	Gene Expression Quantification	BEATAML1.0-COHORT	2768	BA3154R	Recurrent Blood Derived Cancer - Bone Marrow
3a85a250-852f-4ee1-9507-38ebef8663a1	050de2d8-3ecb-4305-a5a5-4a8d4c4f44f3.rna_seq.augmented_star_gene_counts.tsv	Transcriptome Profiling	Gene Expression Quantification	BEATAML1.0-COHORT	2552	BA2694R	Recurrent Blood Derived Cancer - Peripheral Blood
9c2338a0-3665-4315-830e-1bd6594ace06	c57ec549-9694-48c4-9d52-5697d829d826.rna_seq.augmented_star_gene_counts.tsv	Transcriptome Profiling	Gene Expression Quantification	BEATAML1.0-COHORT	2778	BA3119R	Primary Blood Derived Cancer - Bone Marrow
e7872bd5-e9bb-4985-8c71-8e454a2dde5e	5747838e-bba8-420e-ac72-543e7abf63da.rna_seq.augmented_star_gene_counts.tsv	Transcriptome Profiling	Gene Expression Quantification	BEATAML1.0-COHORT	2383	BA2473R	Recurrent Blood Derived Cancer - Bone Marrow
2f424fe9-d714-45c9-b029-bba3f3f67c19	1ed40291-28a4-4d92-b494-f6393945db5a.rna_seq.augmented_star_gene_counts.tsv	Transcriptome Profiling	Gene Expression Quantification	BEATAML1.0-COHORT	2387	BA2031R	Primary Blood Derived Cancer - Bone Marrow
40394806-507d-4042-9475-bd9f7a9762c6	2e2a7a4f-7b9b-4a80-96ca-65bb960199d9.rna_seq.augmented_star_gene_counts.tsv	Transcriptome Profiling	Gene Expression Quantification	BEATAML1.0-COHORT	2096	BA3218R	Control Analyte
b075659d-4d97-49d6-9afc-d38e470be84d	bb726b55-04c9-40b3-9b89-c7c7fee676fe.rna_seq.augmented_star_gene_counts.tsv	Transcriptome Profiling	Gene Expression Quantification	BEATAML1.0-COHORT	2096	BA2390R	Control Analyte
bed4f43d-c16f-4cee-b209-c78202c40885	6a76a7f6-24e9-4678-b851-d219c6523c43.rna_seq.augmented_star_gene_counts.tsv	Transcriptome Profiling	Gene Expression Quantification	BEATAML1.0-COHORT	2096	BA2430R	Control Analyte
badd1e59-46ee-4ea8-9c05-d313701541a1	cf0b7897-79f8-4569-9136-e4be81748f14.rna_seq.augmented_star_gene_counts.tsv	Transcriptome Profiling	Gene Expression Quantification	BEATAML1.0-COHORT	2096	BA3402R	Control Analyte
fcb0690f-2781-4f03-828b-e6a036d73c5d	a0b9c972-c43a-41f8-8fd6-c8385db048c4.rna_seq.augmented_star_gene_counts.tsv	Transcriptome Profiling	Gene Expression Quantification	BEATAML1.0-COHORT	2288	BA2681R	Recurrent Blood Derived Cancer - Bone Marrow
a3bbb9d7-bf28-426c-8695-bc102dcd69f4	9c70490e-3cf5-4cf7-82e4-82e1a894c835.rna_seq.augmented_star_gene_counts.tsv	Transcriptome Profiling	Gene Expression Quantification	BEATAML1.0-COHORT	2000	BA2123R	Primary Blood Derived Cancer - Bone Marrow
1bd7a344-6abc-406f-a840-4257a559b714	f02147f9-67d8-49bc-a565-703bc71842e0.rna_seq.augmented_star_gene_counts.tsv	Transcriptome Profiling	Gene Expression Quantification	BEATAML1.0-COHORT	2593	BA3318R	Primary Blood Derived Cancer - Bone Marrow
ea353ebf-318e-4819-ac69-f65530715150	1c6124df-671b-4b77-ab4d-476f075f84ee.rna_seq.augmented_star_gene_counts.tsv	Transcriptome Profiling	Gene Expression Quantification	BEATAML1.0-COHORT	2096	BA2392R	Control Analyte
d2b2640c-f8e1-436b-8f3f-223a01b951bf	a1e25d5c-af24-4e30-b40c-0aa09ca0770e.rna_seq.augmented_star_gene_counts.tsv	Transcriptome Profiling	Gene Expression Quantification	BEATAML1.0-COHORT	2096	BA2611R	Control Analyte
ca55e2af-8f6c-49b6-80c1-ef057cd9de05	5238513d-97cf-42d6-a98a-a32d7684f168.rna_seq.augmented_star_gene_counts.tsv	Transcriptome Profiling	Gene Expression Quantification	BEATAML1.0-COHORT	2674	BA3397R	Recurrent Blood Derived Cancer - Bone Marrow
578a9b6a-bd0e-42a3-9f99-4248a9676e4f	f5d2c009-49b7-44cb-9d36-b889cff08e8f.rna_seq.augmented_star_gene_counts.tsv	Transcriptome Profiling	Gene Expression Quantification	BEATAML1.0-COHORT	2699	BA3352R	Primary Blood Derived Cancer - Bone Marrow
30c5964f-82ee-45b3-a8d0-56fbd56231a3	cc91d156-a097-49b6-ac78-8f8ee08b729b.rna_seq.augmented_star_gene_counts.tsv	Transcriptome Profiling	Gene Expression Quantification	BEATAML1.0-COHORT	2322	BA2837R	Recurrent Blood Derived Cancer - Peripheral Blood
55dfca77-7348-4737-8ec1-8e3264348ca7	c6616153-90ee-4628-b1bf-abac74168b28.rna_seq.augmented_star_gene_counts.tsv	Transcriptome Profiling	Gene Expression Quantification	BEATAML1.0-COHORT	2254	BA2600R	Primary Blood Derived Cancer - Peripheral Blood
f07afa80-a6e5-48d7-85a8-f157b2c7ff39	c3865b0a-67f4-4fba-929c-50ba797da028.rna_seq.augmented_star_gene_counts.tsv	Transcriptome Profiling	Gene Expression Quantification	BEATAML1.0-COHORT	2707	BA3319R	Primary Blood Derived Cancer - Bone Marrow
af8a2ee2-e61e-49ee-a176-bbb02e980cd3	d98442da-3de0-405f-8c7a-e4bd78c33b72.rna_seq.augmented_star_gene_counts.tsv	Transcriptome Profiling	Gene Expression Quantification	BEATAML1.0-COHORT	2589	BA3064R	Recurrent Blood Derived Cancer - Peripheral Blood
ec153b3e-7a24-415f-b34e-efa2fbaeacbb	d822fa93-898e-4972-948e-8585cca34250.rna_seq.augmented_star_gene_counts.tsv	Transcriptome Profiling	Gene Expression Quantification	BEATAML1.0-COHORT	2744	BA3390R	Blood Derived Cancer - Peripheral Blood
efe9cbbb-7bf9-4544-96d9-1ccb128834be	83ad8223-384c-4ca1-ada8-1924d3607a12.rna_seq.augmented_star_gene_counts.tsv	Transcriptome Profiling	Gene Expression Quantification	BEATAML1.0-COHORT	2617	BA3374R	Primary Blood Derived Cancer - Bone Marrow
25afff09-4de5-4ab3-85dc-92bb770841af	cded7d9e-b551-48d0-a831-4bf526222f4e.rna_seq.augmented_star_gene_counts.tsv	Transcriptome Profiling	Gene Expression Quantification	BEATAML1.0-COHORT	2789	BA3178R	Primary Blood Derived Cancer - Peripheral Blood
d29076e2-a69d-4887-b8a4-bba4e3b2af65	7b1fc6dd-f657-4985-bff3-828d1d92ea8d.rna_seq.augmented_star_gene_counts.tsv	Transcriptome Profiling	Gene Expression Quantification	BEATAML1.0-COHORT	2031	BA2501R	Primary Blood Derived Cancer - Peripheral Blood
471c5867-35f8-4faa-a809-2fded4509d46	12e02f15-97da-4274-8dc5-2a28b69b8374.rna_seq.augmented_star_gene_counts.tsv	Transcriptome Profiling	Gene Expression Quantification	BEATAML1.0-COHORT	2197	BA2301R	Primary Blood Derived Cancer - Bone Marrow
08521d81-f3ea-4994-845b-23fbff6556d2	62353fae-5627-4aa7-9d63-dc720b0d481e.rna_seq.augmented_star_gene_counts.tsv	Transcriptome Profiling	Gene Expression Quantification	BEATAML1.0-COHORT	2725	BA3255R	Primary Blood Derived Cancer - Bone Marrow
cbd15145-fda5-4b4c-96f0-b395f8fa3801	97de10fa-c6a7-4b46-9095-44831be78a52.rna_seq.augmented_star_gene_counts.tsv	Transcriptome Profiling	Gene Expression Quantification	BEATAML1.0-COHORT	2639	BA3275R	Blood Derived Cancer - Peripheral Blood
7d5b12fd-9305-447f-a363-ef908cb3875d	4bf4ad1e-5476-4ace-8c23-0aa9ccae4244.rna_seq.augmented_star_gene_counts.tsv	Transcriptome Profiling	Gene Expression Quantification	BEATAML1.0-COHORT	2212	BA2937R	Recurrent Blood Derived Cancer - Bone Marrow
3e9f7444-8464-4c89-bd5e-b6130a71362f	91d98b4e-ab25-467b-bcba-bdbb795e45f8.rna_seq.augmented_star_gene_counts.tsv	Transcriptome Profiling	Gene Expression Quantification	BEATAML1.0-COHORT	2766	BA3380R	Recurrent Blood Derived Cancer - Peripheral Blood
1de5aec8-893f-4e67-b70c-39386faa5348	f9698bdc-4af4-4ad9-9df7-f3e7a9f94c67.rna_seq.augmented_star_gene_counts.tsv	Transcriptome Profiling	Gene Expression Quantification	BEATAML1.0-COHORT	2374	BA2480R	Recurrent Blood Derived Cancer - Peripheral Blood
35b5a348-b1a3-473a-ad65-45e262943c47	b94e2e27-f42f-43aa-b042-f049351091a1.rna_seq.augmented_star_gene_counts.tsv	Transcriptome Profiling	Gene Expression Quantification	BEATAML1.0-COHORT	2378	BA2104R	Recurrent Blood Derived Cancer - Peripheral Blood
ca7f34b4-0cbc-4997-bd2f-98c6b9ee6b30	0f28258a-fb84-47cf-97d7-1c19bca973b8.rna_seq.augmented_star_gene_counts.tsv	Transcriptome Profiling	Gene Expression Quantification	BEATAML1.0-COHORT	2368	BA2639R	Primary Blood Derived Cancer - Peripheral Blood
4c1f02cc-4abe-4cdb-9774-23a8829cebab	e18ce68a-bc7b-4a7c-a0a4-6d0aa45e59f2.rna_seq.augmented_star_gene_counts.tsv	Transcriptome Profiling	Gene Expression Quantification	BEATAML1.0-COHORT	2679	BA3454R	Primary Blood Derived Cancer - Peripheral Blood
22b2b1d9-adb2-4b1f-94d4-bffaf207aad0	2590f955-8c04-4635-a44a-fa1f192adb75.rna_seq.augmented_star_gene_counts.tsv	Transcriptome Profiling	Gene Expression Quantification	BEATAML1.0-COHORT	2060	BA2322R	Primary Blood Derived Cancer - Bone Marrow
133db082-8bff-4724-8740-b84accf1d18a	d058a89e-3a82-44cd-907e-0043b0fb4a90.rna_seq.augmented_star_gene_counts.tsv	Transcriptome Profiling	Gene Expression Quantification	BEATAML1.0-COHORT	2104	BA2657R	Recurrent Blood Derived Cancer - Peripheral Blood
20eedab0-2b2f-44d5-ba48-7e6bcddc2540	2747a12e-e1bc-4548-9843-9f9371e62b95.rna_seq.augmented_star_gene_counts.tsv	Transcriptome Profiling	Gene Expression Quantification	BEATAML1.0-COHORT	2144	BA2902R	Recurrent Blood Derived Cancer - Bone Marrow
afdb5e8e-df79-4aa8-b874-28f5781c0c7d	8bf8bb90-dfdc-4e56-b2fa-99b66ed604f4.rna_seq.augmented_star_gene_counts.tsv	Transcriptome Profiling	Gene Expression Quantification	BEATAML1.0-COHORT	2619	BA3388R	Recurrent Blood Derived Cancer - Peripheral Blood
cf7b05a1-f9f0-4394-b8f8-2fe522c23925	18150a90-f800-404b-9318-4090f35ad5b1.rna_seq.augmented_star_gene_counts.tsv	Transcriptome Profiling	Gene Expression Quantification	BEATAML1.0-COHORT	2222	BA2311R	Primary Blood Derived Cancer - Peripheral Blood
4d15da3f-f9bf-4713-938d-bb84b7974f61	3c1eb7d8-8e3c-40fb-b924-a43b06cf317a.rna_seq.augmented_star_gene_counts.tsv	Transcriptome Profiling	Gene Expression Quantification	BEATAML1.0-COHORT	2619	BA3229R	Recurrent Blood Derived Cancer - Peripheral Blood
de4d39d3-cbba-411b-82d9-e4347fab7025	6a8d621b-2c5d-4abb-8b7d-60052268685d.rna_seq.augmented_star_gene_counts.tsv	Transcriptome Profiling	Gene Expression Quantification	BEATAML1.0-COHORT	2559	BA2427R	Recurrent Blood Derived Cancer - Peripheral Blood
45057955-5bb8-4bcd-a2ea-3877c6a46420	5e76426c-afaa-4d7a-a1bb-f4537007406d.rna_seq.augmented_star_gene_counts.tsv	Transcriptome Profiling	Gene Expression Quantification	BEATAML1.0-COHORT	2676	BA3189R	Primary Blood Derived Cancer - Peripheral Blood
9658ba7c-c40b-4e08-9c43-5d0af0bdc99b	ddbbfbab-1c73-4871-b1e3-82f6fe17a5f4.rna_seq.augmented_star_gene_counts.tsv	Transcriptome Profiling	Gene Expression Quantification	BEATAML1.0-COHORT	2238	BA2579R	Recurrent Blood Derived Cancer - Peripheral Blood
7b61821d-1e2d-48e0-8502-218086f549b4	dc95d72b-8942-4abc-a64f-8ff2f6e38536.rna_seq.augmented_star_gene_counts.tsv	Transcriptome Profiling	Gene Expression Quantification	BEATAML1.0-COHORT	2653	BA3394R	Blood Derived Cancer - Peripheral Blood
94fcc28f-733d-4e61-88c0-1f192153be81	06b29eec-39fa-46fc-b571-901e6449347b.rna_seq.augmented_star_gene_counts.tsv	Transcriptome Profiling	Gene Expression Quantification	BEATAML1.0-COHORT	2646	BA3158R	Recurrent Blood Derived Cancer - Peripheral Blood
bf6a655b-59aa-4176-bad4-d5077a22c23d	9794e981-e86f-4525-99fc-6232eb890d67.rna_seq.augmented_star_gene_counts.tsv	Transcriptome Profiling	Gene Expression Quantification	BEATAML1.0-COHORT	2238	BA2829R	Recurrent Blood Derived Cancer - Peripheral Blood
8e873560-4f4e-42f3-980b-67320c069301	20937b4a-5fc6-4914-a900-9440aee105ad.rna_seq.augmented_star_gene_counts.tsv	Transcriptome Profiling	Gene Expression Quantification	BEATAML1.0-COHORT	2238	BA2249R	Recurrent Blood Derived Cancer - Peripheral Blood
1f3987ae-fb24-4e5a-b8dd-7894cdcd1f53	6765ea22-1463-4638-83e3-5832b8cd658d.rna_seq.augmented_star_gene_counts.tsv	Transcriptome Profiling	Gene Expression Quantification	BEATAML1.0-COHORT	2369	BA2631R	Primary Blood Derived Cancer - Bone Marrow
f8531faa-6a48-45bc-b678-9cf4f59ae8f8	253156a3-4ab2-4acf-86e6-01f7e382cd47.rna_seq.augmented_star_gene_counts.tsv	Transcriptome Profiling	Gene Expression Quantification	BEATAML1.0-COHORT	2304	BA2000R	Primary Blood Derived Cancer - Peripheral Blood
c8bc64f3-5267-4686-87eb-adc3f0242ff1	7658b97b-8449-4d5a-9409-e5b9ec4503d1.rna_seq.augmented_star_gene_counts.tsv	Transcriptome Profiling	Gene Expression Quantification	BEATAML1.0-COHORT	2257	BA2512R	Primary Blood Derived Cancer - Peripheral Blood
6da29925-2c34-4608-8abe-3a8415735ac5	bd0352e7-6f07-47ca-a0ae-8111d51d7613.rna_seq.augmented_star_gene_counts.tsv	Transcriptome Profiling	Gene Expression Quantification	BEATAML1.0-COHORT	2292	BA2879R	Recurrent Blood Derived Cancer - Bone Marrow
152ec416-81f6-494d-9926-d4db77f189f2	a8e725fe-e26a-49c7-aa99-29281d173df5.rna_seq.augmented_star_gene_counts.tsv	Transcriptome Profiling	Gene Expression Quantification	BEATAML1.0-COHORT	2338	BA2198R	Primary Blood Derived Cancer - Bone Marrow
7bfe9c6c-1e84-4aa7-b355-04df2f7e03bc	08668104-42f6-4c2c-afdb-ffee73685f44.rna_seq.augmented_star_gene_counts.tsv	Transcriptome Profiling	Gene Expression Quantification	BEATAML1.0-COHORT	2488	BA2545R	Primary Blood Derived Cancer - Bone Marrow
2898abff-62cd-4f0b-ac01-a0dd0c26cda8	88ad43a0-2ba0-41da-98ee-eb5e2529b04f.rna_seq.augmented_star_gene_counts.tsv	Transcriptome Profiling	Gene Expression Quantification	BEATAML1.0-COHORT	2729	BA3273R	Primary Blood Derived Cancer - Peripheral Blood
417ec1ad-0e40-48e3-a1ae-ce23b425afbc	fad6efd5-3a3f-41a7-b135-76310cd00636.rna_seq.augmented_star_gene_counts.tsv	Transcriptome Profiling	Gene Expression Quantification	BEATAML1.0-COHORT	2431	BA2776R	Recurrent Blood Derived Cancer - Peripheral Blood
6660943c-9875-46e1-8365-0682d2d5206e	29d7504f-45e4-40f2-ba7a-b8a258d4f8c2.rna_seq.augmented_star_gene_counts.tsv	Transcriptome Profiling	Gene Expression Quantification	BEATAML1.0-COHORT	2457	BA3013R	Primary Blood Derived Cancer - Bone Marrow
1c7de6bd-8810-4bf2-9196-c820dd17e63e	d6787fba-8e4d-4e83-bd18-6d028d7b3a5a.rna_seq.augmented_star_gene_counts.tsv	Transcriptome Profiling	Gene Expression Quantification	BEATAML1.0-COHORT	2771	BA3395R	Recurrent Blood Derived Cancer - Bone Marrow
8d4acf54-be56-42ff-8451-4e539de3f40f	cf931a8f-115d-40b0-85e7-7b9dff21e149.rna_seq.augmented_star_gene_counts.tsv	Transcriptome Profiling	Gene Expression Quantification	BEATAML1.0-COHORT	2385	BA2377R	Primary Blood Derived Cancer - Bone Marrow
4cd65452-2e17-4abc-9a3c-ca0ee024ce03	46de0780-2898-41fb-83da-4068f99100c6.rna_seq.augmented_star_gene_counts.tsv	Transcriptome Profiling	Gene Expression Quantification	BEATAML1.0-COHORT	2347	BA2621R	Primary Blood Derived Cancer - Peripheral Blood
d26c8004-a08e-47f0-8cde-67b91e3e47c3	57b0c889-71a9-4c74-80ad-5966c860f4d3.rna_seq.augmented_star_gene_counts.tsv	Transcriptome Profiling	Gene Expression Quantification	BEATAML1.0-COHORT	2681	BA3433R	Primary Blood Derived Cancer - Bone Marrow
32d3070f-cf7f-4648-9353-ca5d826e48e1	eddb2e2e-9d83-426e-a526-6eeba2d2f106.rna_seq.augmented_star_gene_counts.tsv	Transcriptome Profiling	Gene Expression Quantification	BEATAML1.0-COHORT	2597	BA3149R	Primary Blood Derived Cancer - Bone Marrow
1f9915da-9252-4ca8-981e-fcbe9b17a637	32f5efb6-6503-420e-a187-0aa47955a351.rna_seq.augmented_star_gene_counts.tsv	Transcriptome Profiling	Gene Expression Quantification	BEATAML1.0-COHORT	2175	BA2583R	Recurrent Blood Derived Cancer - Bone Marrow
8b1e6f77-9890-4a61-b4c4-674243df19c0	f137394b-6086-4de3-b2ee-7c5d66f120c8.rna_seq.augmented_star_gene_counts.tsv	Transcriptome Profiling	Gene Expression Quantification	BEATAML1.0-COHORT	2088	BA2113R	Primary Blood Derived Cancer - Bone Marrow
fe2b26db-6cc9-4d39-ab7a-5ae5549939f1	9200724d-dca0-4c51-88f2-1d4b41b78cea.rna_seq.augmented_star_gene_counts.tsv	Transcriptome Profiling	Gene Expression Quantification	BEATAML1.0-COHORT	2130	BA2935R	Primary Blood Derived Cancer - Peripheral Blood
b38ccc6d-5394-4dc9-8400-77e1967d8292	25331adc-e304-425a-a55e-bc289afcd8f6.rna_seq.augmented_star_gene_counts.tsv	Transcriptome Profiling	Gene Expression Quantification	BEATAML1.0-COHORT	2334	BA2251R	Recurrent Blood Derived Cancer - Peripheral Blood
7a34cb74-8d9b-41b7-a8b5-d7b576168eeb	456ae195-85c0-4a38-acb3-ede27fd72945.rna_seq.augmented_star_gene_counts.tsv	Transcriptome Profiling	Gene Expression Quantification	BEATAML1.0-COHORT	2723	BA3283R	Blood Derived Cancer - Peripheral Blood
9217873e-55f5-428b-94bd-5c162b054aab	b7d52e14-2dd2-4c7b-81cf-58782f76bfc3.rna_seq.augmented_star_gene_counts.tsv	Transcriptome Profiling	Gene Expression Quantification	BEATAML1.0-COHORT	2580	BA3042R	Recurrent Blood Derived Cancer - Bone Marrow
7b45ebc6-9845-477a-a2d4-988c1ccf96ec	1477c75e-5007-4d32-a352-8d27de3cd728.rna_seq.augmented_star_gene_counts.tsv	Transcriptome Profiling	Gene Expression Quantification	BEATAML1.0-COHORT	2633	BA3261R	Primary Blood Derived Cancer - Bone Marrow
18e82643-6fff-4ce2-ac04-a50d60a706c9	24de469d-5fd9-44d1-8c43-35414ba1f198.rna_seq.augmented_star_gene_counts.tsv	Transcriptome Profiling	Gene Expression Quantification	BEATAML1.0-COHORT	2121	BA2041R	Primary Blood Derived Cancer - Bone Marrow
c223e0a4-f8dc-4104-9db9-c53dcabceb92	7658f9e9-ab48-4b7c-bc1a-548bd373a67f.rna_seq.augmented_star_gene_counts.tsv	Transcriptome Profiling	Gene Expression Quantification	BEATAML1.0-COHORT	2177	BA2339R	Recurrent Blood Derived Cancer - Peripheral Blood
8d9f8d2d-ba73-433a-a999-c5bdaf7dc640	153c30ad-50b6-4eb3-9a5f-bd6ddb86d8de.rna_seq.augmented_star_gene_counts.tsv	Transcriptome Profiling	Gene Expression Quantification	BEATAML1.0-COHORT	2691	BA3407R	Recurrent Blood Derived Cancer - Bone Marrow
ddc08980-8c42-4aff-8f17-a458c4b26dae	fe0088ca-d81b-4ea5-b215-3b8fd8994e69.rna_seq.augmented_star_gene_counts.tsv	Transcriptome Profiling	Gene Expression Quantification	BEATAML1.0-COHORT	2566	BA2577R	Recurrent Blood Derived Cancer - Bone Marrow
159010bf-c5e4-45e9-a87b-d785116785aa	78177c16-587e-4f6a-9aa2-130571b6e981.rna_seq.augmented_star_gene_counts.tsv	Transcriptome Profiling	Gene Expression Quantification	BEATAML1.0-COHORT	2781	BA3376R	Primary Blood Derived Cancer - Bone Marrow
f2866e90-b893-46fc-96a3-57939324d3e0	2d368fcd-b08f-42df-bc10-b8ec2581557d.rna_seq.augmented_star_gene_counts.tsv	Transcriptome Profiling	Gene Expression Quantification	BEATAML1.0-COHORT	2099	BA2496R	Recurrent Blood Derived Cancer - Bone Marrow
93adf56f-7d14-491e-b831-336e08df5da5	3366a51d-9fa0-4325-87f6-7e6ef35d1ff7.rna_seq.augmented_star_gene_counts.tsv	Transcriptome Profiling	Gene Expression Quantification	BEATAML1.0-COHORT	2148	BA2595R	Recurrent Blood Derived Cancer - Peripheral Blood
c61a9743-dbcd-49ed-9a48-b9cec23b123d	02bf3d5a-c2ca-4d0b-9541-17d59a331131.rna_seq.augmented_star_gene_counts.tsv	Transcriptome Profiling	Gene Expression Quantification	BEATAML1.0-COHORT	2651	BA3434R	Recurrent Blood Derived Cancer - Bone Marrow
9baa19b0-5b56-4b00-97db-da8f3b18c3fd	4bf9c361-fafc-4be2-96a9-690e433275d0.rna_seq.augmented_star_gene_counts.tsv	Transcriptome Profiling	Gene Expression Quantification	BEATAML1.0-COHORT	2759	BA3137R	Primary Blood Derived Cancer - Bone Marrow
62ec4f4a-e5cb-43cd-bb07-a95969aa630d	4640a754-b939-4358-90af-7782c0fbd2e1.rna_seq.augmented_star_gene_counts.tsv	Transcriptome Profiling	Gene Expression Quantification	BEATAML1.0-COHORT	2556	BA2721R	Recurrent Blood Derived Cancer - Peripheral Blood
055acc40-5c56-4725-8763-f3bf490ba986	bef4acb9-d6b6-4c73-a224-d3093b121554.rna_seq.augmented_star_gene_counts.tsv	Transcriptome Profiling	Gene Expression Quantification	BEATAML1.0-COHORT	2123	BA2956R	Primary Blood Derived Cancer - Peripheral Blood
ba758abb-f71b-4253-b463-3ffbe87bd8fe	54796eef-573b-4833-a458-7ed81b8c7741.rna_seq.augmented_star_gene_counts.tsv	Transcriptome Profiling	Gene Expression Quantification	BEATAML1.0-COHORT	2318	BA2022R	Primary Blood Derived Cancer - Peripheral Blood
a510feab-48be-48e2-9d7f-74500cb7b0b6	60751430-fbfa-4e90-a10b-c10a15a8619f.rna_seq.augmented_star_gene_counts.tsv	Transcriptome Profiling	Gene Expression Quantification	BEATAML1.0-COHORT	2165	BA2063R	Primary Blood Derived Cancer - Peripheral Blood
b31265ac-004b-4721-92c2-a9a825d905e3	22909e28-c154-434e-b469-3b8bcf35f250.rna_seq.augmented_star_gene_counts.tsv	Transcriptome Profiling	Gene Expression Quantification	BEATAML1.0-COHORT	2191	BA2653R	Primary Blood Derived Cancer - Peripheral Blood
4459b04f-ff0a-4e21-a2f5-36df35175d6a	dfa09764-2ee9-4f98-8ac0-724abc0b177f.rna_seq.augmented_star_gene_counts.tsv	Transcriptome Profiling	Gene Expression Quantification	BEATAML1.0-COHORT	2363	BA2209R	Recurrent Blood Derived Cancer - Peripheral Blood
ce0eb0df-c303-45bb-aade-de71a0114c60	318131f2-8d09-44bc-8e66-ec211e8b4c26.rna_seq.augmented_star_gene_counts.tsv	Transcriptome Profiling	Gene Expression Quantification	BEATAML1.0-COHORT	2344	BA3001R	Primary Blood Derived Cancer - Bone Marrow
b0ec0c54-e4c3-4317-b555-0a38700a9692	357e1854-fd91-4fe5-9ab4-909fd16288e9.rna_seq.augmented_star_gene_counts.tsv	Transcriptome Profiling	Gene Expression Quantification	BEATAML1.0-COHORT	2198	BA2876R	Primary Blood Derived Cancer - Peripheral Blood
ceed784b-99c1-45f7-ad86-5113f4f457d0	cbbe147c-e41f-4e0e-a982-d3dea052f408.rna_seq.augmented_star_gene_counts.tsv	Transcriptome Profiling	Gene Expression Quantification	BEATAML1.0-COHORT	2096	BA2326R	Control Analyte
cab897be-4231-4206-8c7b-f59705626614	b30360a1-0563-421b-9a94-a53117b9c757.rna_seq.augmented_star_gene_counts.tsv	Transcriptome Profiling	Gene Expression Quantification	BEATAML1.0-COHORT	2413	BA2860R	Recurrent Blood Derived Cancer - Peripheral Blood
87e1f9f7-5b0f-4bcc-be68-e34bfa550c6d	8086d2c5-4ad9-4f0b-8f65-d0da7d60e582.rna_seq.augmented_star_gene_counts.tsv	Transcriptome Profiling	Gene Expression Quantification	BEATAML1.0-COHORT	2285	BA2806R	Primary Blood Derived Cancer - Peripheral Blood
9d40f05d-9a55-4220-8b16-032593eef32c	56e2a463-e50e-4cdb-9aef-f014b0f52fe5.rna_seq.augmented_star_gene_counts.tsv	Transcriptome Profiling	Gene Expression Quantification	BEATAML1.0-COHORT	2558	BA2962R	Primary Blood Derived Cancer - Bone Marrow
65ae62f1-f974-47b4-9041-22ccbe1d237f	7ae95058-741b-4709-bab4-cf870747ec83.rna_seq.augmented_star_gene_counts.tsv	Transcriptome Profiling	Gene Expression Quantification	BEATAML1.0-COHORT	2213	BA3009R	Primary Blood Derived Cancer - Bone Marrow
efef018d-bf7b-49a3-bc1d-147a5779f20c	47024a40-4d9d-4c28-b3fb-4fdd46f92915.rna_seq.augmented_star_gene_counts.tsv	Transcriptome Profiling	Gene Expression Quantification	BEATAML1.0-COHORT	2640	BA3334R	Primary Blood Derived Cancer - Bone Marrow
9b754105-a378-4d11-9986-dae4c4a4b037	ff2a7c4f-e515-4019-949e-3d24c2cacfe1.rna_seq.augmented_star_gene_counts.tsv	Transcriptome Profiling	Gene Expression Quantification	BEATAML1.0-COHORT	2376	BA2856R	Primary Blood Derived Cancer - Peripheral Blood
30d7951b-cd67-4ed4-ac7b-43c36bc7e180	003864fd-8c73-45cb-b347-a202d290588b.rna_seq.augmented_star_gene_counts.tsv	Transcriptome Profiling	Gene Expression Quantification	BEATAML1.0-COHORT	2080	BA2089R	Recurrent Blood Derived Cancer - Peripheral Blood
034e0dce-04f2-4d3f-ad5a-9b8af87a9863	196e44f2-7c0a-4191-a98e-e4b2719f2bdb.rna_seq.augmented_star_gene_counts.tsv	Transcriptome Profiling	Gene Expression Quantification	BEATAML1.0-COHORT	2719	BA3171R	Primary Blood Derived Cancer - Peripheral Blood
57ee880f-35c5-41c7-a10c-2d51490e53c5	433c8115-1cbd-4e3c-894d-f61c323f3a35.rna_seq.augmented_star_gene_counts.tsv	Transcriptome Profiling	Gene Expression Quantification	BEATAML1.0-COHORT	2247	BA2234R	Recurrent Blood Derived Cancer - Bone Marrow
0742cb4e-8ba5-4854-9221-000af2f92f5e	d5a5b026-6974-485d-b132-6cc8f737e4e7.rna_seq.augmented_star_gene_counts.tsv	Transcriptome Profiling	Gene Expression Quantification	BEATAML1.0-COHORT	2096	BA2973R	Control Analyte
d55da311-942b-43ba-af20-c59bdd050e3b	ab383e45-93f8-4214-b013-80a88236e838.rna_seq.augmented_star_gene_counts.tsv	Transcriptome Profiling	Gene Expression Quantification	BEATAML1.0-COHORT	2447	BA2787R	Recurrent Blood Derived Cancer - Peripheral Blood
7d2dcd97-7508-42ac-aa2d-543c837c5925	f0ce7935-8e8c-42f7-8a54-a39a95c45135.rna_seq.augmented_star_gene_counts.tsv	Transcriptome Profiling	Gene Expression Quantification	BEATAML1.0-COHORT	2809	BA3371R	Recurrent Blood Derived Cancer - Bone Marrow
e53d3dc9-2470-4c85-8823-db42c8fb498b	977c68c8-16a0-4869-ae6a-781d4d1d5f3b.rna_seq.augmented_star_gene_counts.tsv	Transcriptome Profiling	Gene Expression Quantification	BEATAML1.0-COHORT	2563	BA2812R	Primary Blood Derived Cancer - Peripheral Blood
0f419123-d27f-4535-884d-1ceafe69eca1	d2a7bee8-f837-4e11-ae63-2c9a4ebc7899.rna_seq.augmented_star_gene_counts.tsv	Transcriptome Profiling	Gene Expression Quantification	BEATAML1.0-COHORT	2666	BA3413R	Primary Blood Derived Cancer - Bone Marrow
623cc960-c02d-4655-9902-51ddec729daf	249079ff-e0b6-4556-9958-56b6b99f9ef1.rna_seq.augmented_star_gene_counts.tsv	Transcriptome Profiling	Gene Expression Quantification	BEATAML1.0-COHORT	2209	BA2764R	Recurrent Blood Derived Cancer - Bone Marrow
57841e1d-cbfe-4a55-9954-7ffcc0a04e31	98fea731-5a31-4241-8ece-6794a1c58720.rna_seq.augmented_star_gene_counts.tsv	Transcriptome Profiling	Gene Expression Quantification	BEATAML1.0-COHORT	2784	BA3173R	Recurrent Blood Derived Cancer - Peripheral Blood
2a0ea25b-e08d-4a50-a20b-ff7e0c41dcf4	ebab93c4-df4c-4c85-9620-ab1422c97aed.rna_seq.augmented_star_gene_counts.tsv	Transcriptome Profiling	Gene Expression Quantification	BEATAML1.0-COHORT	2467	BA2047R	Primary Blood Derived Cancer - Peripheral Blood
1b3bd027-71dc-44a4-b4d3-2e8ad11be38b	68375134-436a-4692-b80b-50dc39b94a94.rna_seq.augmented_star_gene_counts.tsv	Transcriptome Profiling	Gene Expression Quantification	BEATAML1.0-COHORT	2617	BA3222R	Recurrent Blood Derived Cancer - Bone Marrow
8ed16828-6dec-42b4-89a6-3f568fb96342	364e4a74-2651-46a3-9264-ac4e662c9834.rna_seq.augmented_star_gene_counts.tsv	Transcriptome Profiling	Gene Expression Quantification	BEATAML1.0-COHORT	2617	BA3403R	Recurrent Blood Derived Cancer - Bone Marrow
cbbb5abc-7129-46b0-a3d6-98d9a79d6004	ceaa8111-097e-4cf4-81b0-b7524c25c99b.rna_seq.augmented_star_gene_counts.tsv	Transcriptome Profiling	Gene Expression Quantification	BEATAML1.0-COHORT	2628	BA3341R	Primary Blood Derived Cancer - Bone Marrow
3cb47d14-c66c-4748-b587-27d60d0ff096	013b7fc2-acfb-4d1b-94dc-07603c377ba7.rna_seq.augmented_star_gene_counts.tsv	Transcriptome Profiling	Gene Expression Quantification	BEATAML1.0-COHORT	2339	BA2564R	Primary Blood Derived Cancer - Peripheral Blood
f73fb97c-0468-4e63-9750-1445640e747b	eb422b8b-7f0d-47ed-a8e3-8a1ee649dde3.rna_seq.augmented_star_gene_counts.tsv	Transcriptome Profiling	Gene Expression Quantification	BEATAML1.0-COHORT	2443	BA2686R	Blood Derived Normal
8871255a-18d2-47f7-9485-8141bf202c55	7564ddd4-66b4-4f7f-9b3d-717c208ca0d9.rna_seq.augmented_star_gene_counts.tsv	Transcriptome Profiling	Gene Expression Quantification	BEATAML1.0-COHORT	2582	BA3049R	Recurrent Blood Derived Cancer - Bone Marrow
98aa7c44-e75d-4831-b041-83d69fa6ec4b	6225323e-4ad7-4811-947b-ea06a70c35b5.rna_seq.augmented_star_gene_counts.tsv	Transcriptome Profiling	Gene Expression Quantification	BEATAML1.0-COHORT	2227	BA2822R	Recurrent Blood Derived Cancer - Peripheral Blood
b37e0c17-fd2f-4ca0-acfa-31617b56b0ad	4bebe257-1b98-4ec7-8c92-1b977ef4f405.rna_seq.augmented_star_gene_counts.tsv	Transcriptome Profiling	Gene Expression Quantification	BEATAML1.0-COHORT	2034	BA2712R	Recurrent Blood Derived Cancer - Peripheral Blood
f55a5aee-dcc9-40f7-8f76-db60ec0c5e26	eaf259c9-7ae0-4602-b8ec-d3db64679a9f.rna_seq.augmented_star_gene_counts.tsv	Transcriptome Profiling	Gene Expression Quantification	BEATAML1.0-COHORT	2242	BA2836R	Primary Blood Derived Cancer - Peripheral Blood
7e31a4ef-b4a2-459d-9834-ec373ca7ca26	1dee6ae5-035a-4d4f-a2cc-2d2c0dfd663e.rna_seq.augmented_star_gene_counts.tsv	Transcriptome Profiling	Gene Expression Quantification	BEATAML1.0-COHORT	2381	BA2394R	Recurrent Blood Derived Cancer - Peripheral Blood
c9690f86-20cd-4b2e-8fbb-638800856129	8d32cded-19df-4b1f-8fbb-648c660035b6.rna_seq.augmented_star_gene_counts.tsv	Transcriptome Profiling	Gene Expression Quantification	BEATAML1.0-COHORT	2490	BA2928R	Primary Blood Derived Cancer - Peripheral Blood
8b54e720-bdc2-4506-8710-4e1988f8c38a	9d9e3a02-f65f-48b5-b673-61fe0b32382b.rna_seq.augmented_star_gene_counts.tsv	Transcriptome Profiling	Gene Expression Quantification	BEATAML1.0-COHORT	2475	BA3192R	Recurrent Blood Derived Cancer - Bone Marrow
9ff05760-3719-498a-bdcf-bbdd0cf0688f	22c38900-4f95-4834-be4b-e2405106ff2b.rna_seq.augmented_star_gene_counts.tsv	Transcriptome Profiling	Gene Expression Quantification	BEATAML1.0-COHORT	2114	BA2952R	Primary Blood Derived Cancer - Bone Marrow
c7beeeee-597b-415b-ad54-d4c95c9fc273	507f4621-2807-49d3-accd-092a9fa19cf1.rna_seq.augmented_star_gene_counts.tsv	Transcriptome Profiling	Gene Expression Quantification	BEATAML1.0-COHORT	2239	BA3006R	Primary Blood Derived Cancer - Peripheral Blood
021ad917-10f5-43a5-8a52-bcfdbbddbb25	f4cf11cb-c899-4ff1-ac1b-049406c477ee.rna_seq.augmented_star_gene_counts.tsv	Transcriptome Profiling	Gene Expression Quantification	BEATAML1.0-COHORT	2358	BA2081R	Primary Blood Derived Cancer - Bone Marrow
3c3fb969-1284-4337-a2f3-507357eb8018	15e83dc5-b666-4236-b94a-595e17f1a2b0.rna_seq.augmented_star_gene_counts.tsv	Transcriptome Profiling	Gene Expression Quantification	BEATAML1.0-COHORT	2659	BA3421R	Primary Blood Derived Cancer - Bone Marrow
70691262-2f4e-4963-8882-ae8a40f578d3	d711f34f-5224-448a-a6b2-aa2286747844.rna_seq.augmented_star_gene_counts.tsv	Transcriptome Profiling	Gene Expression Quantification	BEATAML1.0-COHORT	2342	BA2139R	Primary Blood Derived Cancer - Peripheral Blood
f301efb8-8169-422f-926a-63a955b24605	35917755-b4e1-445e-850b-46881c3df872.rna_seq.augmented_star_gene_counts.tsv	Transcriptome Profiling	Gene Expression Quantification	BEATAML1.0-COHORT	2032	BA2348R	Recurrent Blood Derived Cancer - Peripheral Blood
00870f33-cab3-4c23-bd0d-8903a5a9789e	9934863d-b5de-49c8-b1ff-c275006e8dc6.rna_seq.augmented_star_gene_counts.tsv	Transcriptome Profiling	Gene Expression Quantification	BEATAML1.0-COHORT	2064	BA2589R	Recurrent Blood Derived Cancer - Peripheral Blood
90ab59a0-8178-4f57-b8cf-0ffa3404121b	e6f26537-1a15-44fd-857d-9778bac1fc33.rna_seq.augmented_star_gene_counts.tsv	Transcriptome Profiling	Gene Expression Quantification	BEATAML1.0-COHORT	2361	BA3003R	Blood Derived Normal
723be4b7-cdcb-4dde-83b7-e43bc63f029f	0d8198ed-41a6-4759-a773-a12168ef4928.rna_seq.augmented_star_gene_counts.tsv	Transcriptome Profiling	Gene Expression Quantification	BEATAML1.0-COHORT	2140	BA2132R	Primary Blood Derived Cancer - Peripheral Blood
63d6ad39-d568-42a8-8f7c-8b5aa5381f81	e56310fa-f6c9-404f-a6ce-73498fb820f3.rna_seq.augmented_star_gene_counts.tsv	Transcriptome Profiling	Gene Expression Quantification	BEATAML1.0-COHORT	2351	BA2539R	Recurrent Blood Derived Cancer - Bone Marrow
782c12b8-297d-4828-b3e6-132cfd7d5616	145837fa-070f-4d6b-b329-1d0b7c1f760a.rna_seq.augmented_star_gene_counts.tsv	Transcriptome Profiling	Gene Expression Quantification	BEATAML1.0-COHORT	2689	BA3408R	Recurrent Blood Derived Cancer - Peripheral Blood
f943530f-cc6b-4ae8-be31-7125499763af	7ee5213b-a3c4-4579-86bc-79b1533970b0.rna_seq.augmented_star_gene_counts.tsv	Transcriptome Profiling	Gene Expression Quantification	BEATAML1.0-COHORT	2259	BA2546R	Primary Blood Derived Cancer - Bone Marrow
cf63fa13-e41f-40c6-9359-af15546c3623	23ee0bb7-42a6-427c-bdba-97ebb9dd6b3f.rna_seq.augmented_star_gene_counts.tsv	Transcriptome Profiling	Gene Expression Quantification	BEATAML1.0-COHORT	2509	BA2909R	Primary Blood Derived Cancer - Bone Marrow
02be63ab-f565-417f-a213-2a52455feba1	02ac1b66-644a-4db8-ad4c-105d830cb51f.rna_seq.augmented_star_gene_counts.tsv	Transcriptome Profiling	Gene Expression Quantification	BEATAML1.0-COHORT	2246	BA2494R	Recurrent Blood Derived Cancer - Peripheral Blood
5a8c2f3d-f106-49b8-bd91-e4d7050bb691	8053c38b-adb7-4c9d-ac81-8254dc45bc4e.rna_seq.augmented_star_gene_counts.tsv	Transcriptome Profiling	Gene Expression Quantification	BEATAML1.0-COHORT	2404	BA3008R	Recurrent Blood Derived Cancer - Peripheral Blood
aaa0f581-2ede-43bb-803f-f5df845355a5	4e915177-ab77-4bfa-9596-e2fdcd10348c.rna_seq.augmented_star_gene_counts.tsv	Transcriptome Profiling	Gene Expression Quantification	BEATAML1.0-COHORT	2143	BA2406R	Recurrent Blood Derived Cancer - Bone Marrow
687fb15e-ae10-457d-9e4d-ab825ad251b1	89d7e6c2-4495-4c69-880d-6c34d1be7620.rna_seq.augmented_star_gene_counts.tsv	Transcriptome Profiling	Gene Expression Quantification	BEATAML1.0-COHORT	2634	BA3305R	Primary Blood Derived Cancer - Bone Marrow
9b4e6f84-a419-433a-819f-77067ab80360	2e9b3c7f-4974-446d-9ec3-01ac0afc38a6.rna_seq.augmented_star_gene_counts.tsv	Transcriptome Profiling	Gene Expression Quantification	BEATAML1.0-COHORT	2073	BA2510R	Primary Blood Derived Cancer - Peripheral Blood
a63fa6da-8e90-47e9-b699-87a5f8910de7	9fa02f82-c7bd-4a5e-a2ff-fb0062a1f8e9.rna_seq.augmented_star_gene_counts.tsv	Transcriptome Profiling	Gene Expression Quantification	BEATAML1.0-COHORT	2669	BA3447R	Primary Blood Derived Cancer - Bone Marrow
d00e4a9c-4d6e-4202-bd4f-0454221987ad	ee6e06c7-113d-433f-a7c5-cf83bc6a7a1b.rna_seq.augmented_star_gene_counts.tsv	Transcriptome Profiling	Gene Expression Quantification	BEATAML1.0-COHORT	2372	BA3036R	Recurrent Blood Derived Cancer - Peripheral Blood
469f92ff-8dc0-47af-a3e7-92075160c05b	5ca0b675-e5e8-492a-83fd-c2c9d7e22a17.rna_seq.augmented_star_gene_counts.tsv	Transcriptome Profiling	Gene Expression Quantification	BEATAML1.0-COHORT	2101	BA2804R	Recurrent Blood Derived Cancer - Bone Marrow
196e50f4-d4f1-4070-a515-11c1876de6a8	e6c78056-ffb4-4224-9979-2eecab4d1729.rna_seq.augmented_star_gene_counts.tsv	Transcriptome Profiling	Gene Expression Quantification	BEATAML1.0-COHORT	2541	BA2898R	Blood Derived Normal
48a2b433-c0e9-41b9-80a5-3deec7fe7596	d0151c93-a90a-4136-a49c-e520e71c70fe.rna_seq.augmented_star_gene_counts.tsv	Transcriptome Profiling	Gene Expression Quantification	BEATAML1.0-COHORT	2395	BA2883R	Recurrent Blood Derived Cancer - Bone Marrow
054fca1a-d3aa-46bb-b8c5-d43a96f044e0	70b28367-2c8e-4ed3-a94d-438f77a945d8.rna_seq.augmented_star_gene_counts.tsv	Transcriptome Profiling	Gene Expression Quantification	BEATAML1.0-COHORT	2602	BA3335R	Primary Blood Derived Cancer - Peripheral Blood
d38fabbd-235a-47a0-a73a-7ffeaf02b2d7	8cd44b17-a80b-413e-957b-9d9c3ea96374.rna_seq.augmented_star_gene_counts.tsv	Transcriptome Profiling	Gene Expression Quantification	BEATAML1.0-COHORT	2686	BA3126R	Primary Blood Derived Cancer - Bone Marrow
44141432-a1aa-4ebc-84f4-03f8ea8d99bb	d740366d-d8d9-446c-9bcd-760da4473016.rna_seq.augmented_star_gene_counts.tsv	Transcriptome Profiling	Gene Expression Quantification	BEATAML1.0-COHORT	2093	BA2607R	Blood Derived Normal
cd2bf689-ffdc-4c93-b68d-9460eb6f63d6	2af1b1db-300c-469a-9a78-a7a44aef9459.rna_seq.augmented_star_gene_counts.tsv	Transcriptome Profiling	Gene Expression Quantification	BEATAML1.0-COHORT	2506	BA2947R	Primary Blood Derived Cancer - Peripheral Blood
6c5eb1a1-29e6-479a-b2ba-c9e16d0f1981	8d9516bd-a095-457f-ad6a-e3289eb7ce3e.rna_seq.augmented_star_gene_counts.tsv	Transcriptome Profiling	Gene Expression Quantification	BEATAML1.0-COHORT	2377	BA2507R	Primary Blood Derived Cancer - Peripheral Blood
93c39079-1c04-483d-a336-6e225d2e3389	030d1f7e-2e76-42d1-ad48-de3c5cff200a.rna_seq.augmented_star_gene_counts.tsv	Transcriptome Profiling	Gene Expression Quantification	BEATAML1.0-COHORT	2649	BA3136R	Primary Blood Derived Cancer - Bone Marrow
73632be5-89d4-4393-abbc-a26b85f44db1	68d4762c-056d-46bf-aa42-2b03511dcb5f.rna_seq.augmented_star_gene_counts.tsv	Transcriptome Profiling	Gene Expression Quantification	BEATAML1.0-COHORT	2764	BA3453R	Primary Blood Derived Cancer - Bone Marrow
4000f5e2-7ab2-452b-ae78-34aa45ddceec	f71d7cc9-5a35-456f-a692-db3611edcc05.rna_seq.augmented_star_gene_counts.tsv	Transcriptome Profiling	Gene Expression Quantification	BEATAML1.0-COHORT	2627	BA3450R	Recurrent Blood Derived Cancer - Bone Marrow
d084218f-b162-48f7-a08a-bfe267b4da3a	a56250ed-7897-44e7-bb9d-51b7285b03c6.rna_seq.augmented_star_gene_counts.tsv	Transcriptome Profiling	Gene Expression Quantification	BEATAML1.0-COHORT	2603	BA3264R	Primary Blood Derived Cancer - Bone Marrow
9536b0fe-e48c-45b8-ae78-f4a3c7233258	ed956a31-e51e-434d-a851-fe75b0263aa6.rna_seq.augmented_star_gene_counts.tsv	Transcriptome Profiling	Gene Expression Quantification	BEATAML1.0-COHORT	2760	BA3237R	Blood Derived Cancer - Peripheral Blood
c583bfbb-aabf-4bf9-8745-e24bd8c5e7c7	db16273e-c74c-44e0-a227-1b56f28c0dfc.rna_seq.augmented_star_gene_counts.tsv	Transcriptome Profiling	Gene Expression Quantification	BEATAML1.0-COHORT	2192	BA2116R	Recurrent Blood Derived Cancer - Peripheral Blood
81394c43-1c4e-4085-a32e-82e5f25b2ed0	88b7bd7a-c64e-43e9-bbfa-7d4e3a14d996.rna_seq.augmented_star_gene_counts.tsv	Transcriptome Profiling	Gene Expression Quantification	BEATAML1.0-COHORT	2402	BA2155R	Recurrent Blood Derived Cancer - Bone Marrow
8aea4382-abd2-4918-8dda-39dda1c62d0c	dce2ab75-df06-4d14-a290-4d1c7745b8fc.rna_seq.augmented_star_gene_counts.tsv	Transcriptome Profiling	Gene Expression Quantification	BEATAML1.0-COHORT	2192	BA2715R	Recurrent Blood Derived Cancer - Bone Marrow
ba735a11-5128-434a-878d-9b1863046d37	6466ff28-8ae9-450c-b9ac-c8c0807a16e7.rna_seq.augmented_star_gene_counts.tsv	Transcriptome Profiling	Gene Expression Quantification	BEATAML1.0-COHORT	2156	BA2981R	Recurrent Blood Derived Cancer - Bone Marrow
669b86d7-b17b-4a75-b56a-477dfe9769df	aa1a877a-eec2-43cd-b1c0-4bc0cb07166e.rna_seq.augmented_star_gene_counts.tsv	Transcriptome Profiling	Gene Expression Quantification	BEATAML1.0-COHORT	2463	BA2882R	Recurrent Blood Derived Cancer - Peripheral Blood
95f9285b-d556-4982-b4bb-f3d30f1e99c6	4c54cae7-fc1e-49b4-9222-951bdf3c8072.rna_seq.augmented_star_gene_counts.tsv	Transcriptome Profiling	Gene Expression Quantification	BEATAML1.0-COHORT	2054	BA2095R	Primary Blood Derived Cancer - Peripheral Blood
dca29cbf-20fb-4074-be46-4e4963eb4630	33a0ac80-686f-46b2-9ba1-ecbb544e208b.rna_seq.augmented_star_gene_counts.tsv	Transcriptome Profiling	Gene Expression Quantification	BEATAML1.0-COHORT	2301	BA2153R	Recurrent Blood Derived Cancer - Bone Marrow
3348ce67-c703-4036-82ef-10e5709d8fbd	fdaa412b-55e3-4fb1-bde6-b4dc0af41cf0.rna_seq.augmented_star_gene_counts.tsv	Transcriptome Profiling	Gene Expression Quantification	BEATAML1.0-COHORT	2301	BA2674R	Recurrent Blood Derived Cancer - Bone Marrow
877ee33d-8890-41c8-9610-563a67e1e99a	8aa2ceef-14b1-4f04-a6e7-06133418aed7.rna_seq.augmented_star_gene_counts.tsv	Transcriptome Profiling	Gene Expression Quantification	BEATAML1.0-COHORT	2301	BA2809R	Recurrent Blood Derived Cancer - Peripheral Blood
b9ce4455-6be7-4e59-8fe3-617eada17989	a391500c-fb9b-424f-838f-c797172f7da8.rna_seq.augmented_star_gene_counts.tsv	Transcriptome Profiling	Gene Expression Quantification	BEATAML1.0-COHORT	2688	BA3234R	Primary Blood Derived Cancer - Bone Marrow
779d65b3-1106-41a2-a0ac-cd3f0b591adf	0ce9e8dc-6223-4cc5-91c2-a4e84daa51da.rna_seq.augmented_star_gene_counts.tsv	Transcriptome Profiling	Gene Expression Quantification	BEATAML1.0-COHORT	2629	BA3117R	Primary Blood Derived Cancer - Bone Marrow
90e3ae5c-6d95-4c6f-be79-938615907321	7821ec1d-f98d-4a71-9ec5-51958a50193d.rna_seq.augmented_star_gene_counts.tsv	Transcriptome Profiling	Gene Expression Quantification	BEATAML1.0-COHORT	2738	BA3197R	Primary Blood Derived Cancer - Peripheral Blood
159d45fd-a30f-4a04-9462-ad126b12024e	ba72c674-d173-4907-9467-f08464495f5d.rna_seq.augmented_star_gene_counts.tsv	Transcriptome Profiling	Gene Expression Quantification	BEATAML1.0-COHORT	2495	BA2410R	Primary Blood Derived Cancer - Bone Marrow
73f77b65-b686-4338-8e1e-4b6ba451c219	c17dd53a-54d9-4714-a428-a0381f6dc3ea.rna_seq.augmented_star_gene_counts.tsv	Transcriptome Profiling	Gene Expression Quantification	BEATAML1.0-COHORT	2594	BA3385R	Primary Blood Derived Cancer - Bone Marrow
81600bb3-d24f-451f-a601-7b3e954271d7	74aaf577-7c8c-4231-aa2a-256ddf9538b4.rna_seq.augmented_star_gene_counts.tsv	Transcriptome Profiling	Gene Expression Quantification	BEATAML1.0-COHORT	2196	BA2399R	Primary Blood Derived Cancer - Bone Marrow
90d6f04a-7668-4351-9b86-6fc1638fd8d8	169a39fd-ab5e-4b86-85bb-7d33614988fc.rna_seq.augmented_star_gene_counts.tsv	Transcriptome Profiling	Gene Expression Quantification	BEATAML1.0-COHORT	2658	BA3225R	Primary Blood Derived Cancer - Peripheral Blood
cf03ee91-8c75-4a72-a51b-1528a404f7f3	6f6d63d7-cbd5-4744-8f3a-74aec0ed75e2.rna_seq.augmented_star_gene_counts.tsv	Transcriptome Profiling	Gene Expression Quantification	BEATAML1.0-COHORT	2767	BA3203R	Primary Blood Derived Cancer - Peripheral Blood
b815a6d3-1622-49ad-92b2-4c7e7b61a37a	4885d8f6-ff43-4177-957b-c79cc7bfd11c.rna_seq.augmented_star_gene_counts.tsv	Transcriptome Profiling	Gene Expression Quantification	BEATAML1.0-COHORT	2135	BA2080R	Recurrent Blood Derived Cancer - Bone Marrow
f6a5d82b-c376-41fd-80b5-bd1f3323631d	2871255b-f9ad-49bb-9d40-9b8f86a7a7e2.rna_seq.augmented_star_gene_counts.tsv	Transcriptome Profiling	Gene Expression Quantification	BEATAML1.0-COHORT	2548	BA2795R	Blood Derived Normal
8897747d-4883-4b82-93a8-ee45bced90bf	c0325a47-41e6-4c68-8fc9-20b28cb97a55.rna_seq.augmented_star_gene_counts.tsv	Transcriptome Profiling	Gene Expression Quantification	BEATAML1.0-COHORT	2044	BA2280R	Recurrent Blood Derived Cancer - Peripheral Blood
1b6cac7a-0fdf-4500-b110-1cead4ced7da	54a1fa84-a924-4984-9587-b4b4d7c8ec34.rna_seq.augmented_star_gene_counts.tsv	Transcriptome Profiling	Gene Expression Quantification	BEATAML1.0-COHORT	2665	BA3200R	Primary Blood Derived Cancer - Peripheral Blood
7ccca524-0f53-4461-9e18-d2428b3f94b4	87490234-6d15-4831-8950-b45723ac3237.rna_seq.augmented_star_gene_counts.tsv	Transcriptome Profiling	Gene Expression Quantification	BEATAML1.0-COHORT	2535	BA2646R	Primary Blood Derived Cancer - Bone Marrow
8f4078a1-1129-4931-80bc-44ac755b88a1	4c8ffd65-4fa2-48f4-960a-7d293edb9bf3.rna_seq.augmented_star_gene_counts.tsv	Transcriptome Profiling	Gene Expression Quantification	BEATAML1.0-COHORT	2170	BA2660R	Primary Blood Derived Cancer - Bone Marrow
33db21f8-3f19-4a67-8794-a92f2261e035	e26645e5-3f41-4ede-b19e-94591bf9daa0.rna_seq.augmented_star_gene_counts.tsv	Transcriptome Profiling	Gene Expression Quantification	BEATAML1.0-COHORT	2480	BA2489R	Recurrent Blood Derived Cancer - Bone Marrow
e54a061f-e301-4670-96c1-f3eb14c366e7	5e828aff-5896-4ef6-a512-141e8b79a313.rna_seq.augmented_star_gene_counts.tsv	Transcriptome Profiling	Gene Expression Quantification	BEATAML1.0-COHORT	2200	BA2415R	Recurrent Blood Derived Cancer - Bone Marrow
1aaa4b99-46e0-43d3-aab2-e950ba34be08	edb9d1d4-ac16-4d29-b741-e4f3483723a6.rna_seq.augmented_star_gene_counts.tsv	Transcriptome Profiling	Gene Expression Quantification	BEATAML1.0-COHORT	2786	BA3445R	Blood Derived Cancer - Peripheral Blood
c7e39030-14cb-4de9-a6e5-9188c2a5ae8e	81a3572b-a113-4433-a5b0-01286691eb20.rna_seq.augmented_star_gene_counts.tsv	Transcriptome Profiling	Gene Expression Quantification	BEATAML1.0-COHORT	2776	BA3146R	Primary Blood Derived Cancer - Peripheral Blood
1e15bd99-4bab-4e09-aa18-2b940c6bb981	a648d02c-6819-4d90-ba25-1e5c27956e23.rna_seq.augmented_star_gene_counts.tsv	Transcriptome Profiling	Gene Expression Quantification	BEATAML1.0-COHORT	2236	BA3011R	Primary Blood Derived Cancer - Bone Marrow
6e948bb8-824e-40b9-81ad-62466c8834e2	65bb002a-1e16-4e8f-ad45-807f59dd524e.rna_seq.augmented_star_gene_counts.tsv	Transcriptome Profiling	Gene Expression Quantification	BEATAML1.0-COHORT	2483	BA2101R	Primary Blood Derived Cancer - Peripheral Blood
7fb9f55a-98e3-479b-90c0-c2f6e2b31e27	4c14ad94-fa04-4fb6-8f78-48322a133521.rna_seq.augmented_star_gene_counts.tsv	Transcriptome Profiling	Gene Expression Quantification	BEATAML1.0-COHORT	2364	BA2870R	Recurrent Blood Derived Cancer - Bone Marrow
3133fdc6-021f-4437-a775-619a71c1e3dc	52e77960-c98a-48ea-8e8a-d6d5d0532428.rna_seq.augmented_star_gene_counts.tsv	Transcriptome Profiling	Gene Expression Quantification	BEATAML1.0-COHORT	2194	BA3235R	Recurrent Blood Derived Cancer - Peripheral Blood
f08c03db-f1bb-4eac-a673-c3e3b1a15478	c2cbecad-0b98-44de-ab57-768d2661cb15.rna_seq.augmented_star_gene_counts.tsv	Transcriptome Profiling	Gene Expression Quantification	BEATAML1.0-COHORT	2482	BA2769R	Recurrent Blood Derived Cancer - Peripheral Blood
f24cbc11-ef9b-482b-90e8-10e71067fb99	075fefd5-baa4-4fa8-a25c-3128e24e13dd.rna_seq.augmented_star_gene_counts.tsv	Transcriptome Profiling	Gene Expression Quantification	BEATAML1.0-COHORT	2547	BA2135R	Primary Blood Derived Cancer - Bone Marrow
854e5b8c-46f7-464b-94b9-6f0263cec32e	52e7aa61-1af8-416d-8d59-b7229aec9c82.rna_seq.augmented_star_gene_counts.tsv	Transcriptome Profiling	Gene Expression Quantification	BEATAML1.0-COHORT	2606	BA3379R	Primary Blood Derived Cancer - Bone Marrow
3d1d0b94-5843-4f37-bcc1-ef260d7613bb	b9c85326-7392-4f42-bd51-588b73379538.rna_seq.augmented_star_gene_counts.tsv	Transcriptome Profiling	Gene Expression Quantification	BEATAML1.0-COHORT	2161	BA2903R	Recurrent Blood Derived Cancer - Peripheral Blood
fe753e8e-c240-4406-b7b1-11eda81a03f1	bed765d2-31ec-4155-aaa8-9815cd12c9f8.rna_seq.augmented_star_gene_counts.tsv	Transcriptome Profiling	Gene Expression Quantification	BEATAML1.0-COHORT	2550	BA2765R	Recurrent Blood Derived Cancer - Peripheral Blood
4998faa9-f29f-427b-aadf-387aea743db7	f1ea82c7-d488-4c99-927c-3a67012ce692.rna_seq.augmented_star_gene_counts.tsv	Transcriptome Profiling	Gene Expression Quantification	BEATAML1.0-COHORT	2335	BA2309R	Recurrent Blood Derived Cancer - Bone Marrow
aaf6bd2e-9f2e-4dfd-a35e-fbd574768fe8	b5b9403c-1efa-4226-9c3b-def273fe46ff.rna_seq.augmented_star_gene_counts.tsv	Transcriptome Profiling	Gene Expression Quantification	BEATAML1.0-COHORT	2079	BA2735R	Recurrent Blood Derived Cancer - Peripheral Blood
246f6c67-7cb6-4c7e-b549-882e934c4fdf	d85d5275-e8c4-4c41-a0e4-fcc712ca57d5.rna_seq.augmented_star_gene_counts.tsv	Transcriptome Profiling	Gene Expression Quantification	BEATAML1.0-COHORT	2573	BA2791R	Primary Blood Derived Cancer - Bone Marrow
b94be7d8-84c1-4855-bf76-503037453142	414f0f44-7e3f-433c-9cb7-cebb2b115ef8.rna_seq.augmented_star_gene_counts.tsv	Transcriptome Profiling	Gene Expression Quantification	BEATAML1.0-COHORT	2199	BA2275R	Primary Blood Derived Cancer - Bone Marrow
9e3a08c3-22b1-4722-9bf3-3eb785e57da5	9a558fcb-bd5c-4a87-a3c1-e2f794b220f6.rna_seq.augmented_star_gene_counts.tsv	Transcriptome Profiling	Gene Expression Quantification	BEATAML1.0-COHORT	2497	BA2296R	Primary Blood Derived Cancer - Bone Marrow
546bbdcd-b520-4d3b-93bc-bce30142caae	5d6b7a6b-3c13-45e0-a77d-58e9b7c85771.rna_seq.augmented_star_gene_counts.tsv	Transcriptome Profiling	Gene Expression Quantification	BEATAML1.0-COHORT	2231	BA2094R	Recurrent Blood Derived Cancer - Peripheral Blood
fc91f73e-80c3-4891-a593-0a6dfa6db970	e730d545-ffe0-4332-a536-919b11aa281e.rna_seq.augmented_star_gene_counts.tsv	Transcriptome Profiling	Gene Expression Quantification	BEATAML1.0-COHORT	2178	BA2843R	Primary Blood Derived Cancer - Bone Marrow
561614fd-7945-44c5-a2cd-41580a89ee84	845220a5-43fc-41da-bf7c-c6f33372458b.rna_seq.augmented_star_gene_counts.tsv	Transcriptome Profiling	Gene Expression Quantification	BEATAML1.0-COHORT	2284	BA2824R	Recurrent Blood Derived Cancer - Peripheral Blood
c13be5b8-30c6-40ba-948f-ddd4ea5334fd	291a4857-e4e3-42e0-b5fa-32768617bbad.rna_seq.augmented_star_gene_counts.tsv	Transcriptome Profiling	Gene Expression Quantification	BEATAML1.0-COHORT	2279	BA2948R	Recurrent Blood Derived Cancer - Peripheral Blood
ff244ddf-f003-452c-bb2e-3516efb14b1a	b0869e34-816b-4baa-bb5b-3895331c1e88.rna_seq.augmented_star_gene_counts.tsv	Transcriptome Profiling	Gene Expression Quantification	BEATAML1.0-COHORT	2043	BA2575R	Primary Blood Derived Cancer - Bone Marrow
946a8d38-69b8-4396-a8c9-3fe20126aa9a	536fadd9-e018-45de-85c1-7d9460a56195.rna_seq.augmented_star_gene_counts.tsv	Transcriptome Profiling	Gene Expression Quantification	BEATAML1.0-COHORT	2275	BA2844R	Primary Blood Derived Cancer - Bone Marrow
1c0ad717-95d5-4470-a9af-c228024e0c79	f3184265-50a1-4d5e-891d-156a2994da1d.rna_seq.augmented_star_gene_counts.tsv	Transcriptome Profiling	Gene Expression Quantification	BEATAML1.0-COHORT	2623	BA3351R	Primary Blood Derived Cancer - Peripheral Blood
f14f7c35-4a76-4e03-9e09-a3dd482c1527	36827d6c-65ca-4384-bf69-03f8517546e2.rna_seq.augmented_star_gene_counts.tsv	Transcriptome Profiling	Gene Expression Quantification	BEATAML1.0-COHORT	2755	BA3436R	Primary Blood Derived Cancer - Bone Marrow
0544f3c1-b186-4616-84c4-fa7f85d2cb99	e2233824-f806-4001-ac46-950364431d6c.rna_seq.augmented_star_gene_counts.tsv	Transcriptome Profiling	Gene Expression Quantification	BEATAML1.0-COHORT	2228	BA2951R	Recurrent Blood Derived Cancer - Peripheral Blood
d1ab5a4c-5dc5-4b1f-b480-172574825692	a9c1ed6b-3d4f-41de-b9b6-3059350aa500.rna_seq.augmented_star_gene_counts.tsv	Transcriptome Profiling	Gene Expression Quantification	BEATAML1.0-COHORT	2644	BA3210R	Recurrent Blood Derived Cancer - Bone Marrow
c76e4202-4729-41a8-8f19-ccb3dc2fa29f	eced1d88-3f8c-49db-980e-a992a9e35bf2.rna_seq.augmented_star_gene_counts.tsv	Transcriptome Profiling	Gene Expression Quantification	BEATAML1.0-COHORT	2265	BA2046R	Primary Blood Derived Cancer - Bone Marrow
ae8bad31-e793-4b6a-a57f-5e860c357c3a	271d1b70-876e-4cce-aa5b-8ee35922ea9d.rna_seq.augmented_star_gene_counts.tsv	Transcriptome Profiling	Gene Expression Quantification	BEATAML1.0-COHORT	2522	BA3075R	Recurrent Blood Derived Cancer - Bone Marrow
9b74588b-5220-4555-800c-d3fdc9761625	bc46d359-d0b4-4cbc-925e-ddb802e6f61f.rna_seq.augmented_star_gene_counts.tsv	Transcriptome Profiling	Gene Expression Quantification	BEATAML1.0-COHORT	2554	BA2594R	Primary Blood Derived Cancer - Bone Marrow
67bfd946-539b-42bb-a500-e84b759ef024	c3024f61-8978-4f60-81e3-5944f969dce5.rna_seq.augmented_star_gene_counts.tsv	Transcriptome Profiling	Gene Expression Quantification	BEATAML1.0-COHORT	2261	BA2910R	Recurrent Blood Derived Cancer - Peripheral Blood
c49d8749-45aa-404d-a9df-631e2729613b	9e1ab6d4-fbbc-49f9-af19-54223b2a3d55.rna_seq.augmented_star_gene_counts.tsv	Transcriptome Profiling	Gene Expression Quantification	BEATAML1.0-COHORT	2468	BA2840R	Recurrent Blood Derived Cancer - Bone Marrow
8beac02b-d2c5-486b-a544-61f76f46b039	b72b6327-8a18-4789-9b99-ded7c7d5d856.rna_seq.augmented_star_gene_counts.tsv	Transcriptome Profiling	Gene Expression Quantification	BEATAML1.0-COHORT	2128	BA2148R	Primary Blood Derived Cancer - Peripheral Blood
1ba65878-426c-439a-b0dc-8537c09ab422	1cf381ba-62a0-4139-bf37-ab609eac00f5.rna_seq.augmented_star_gene_counts.tsv	Transcriptome Profiling	Gene Expression Quantification	BEATAML1.0-COHORT	2391	BA3037R	Primary Blood Derived Cancer - Bone Marrow
741dbfbb-5d9b-4aac-85d4-8b22a2d8e6b5	69ada533-04fa-4b2d-8446-bc2ae683c3c0.rna_seq.augmented_star_gene_counts.tsv	Transcriptome Profiling	Gene Expression Quantification	BEATAML1.0-COHORT	2119	BA2718R	Primary Blood Derived Cancer - Bone Marrow
4a104274-9b30-4041-96c9-556cd0e880ef	73e5a40d-ba68-4aaa-979e-bfecb22f4e47.rna_seq.augmented_star_gene_counts.tsv	Transcriptome Profiling	Gene Expression Quantification	BEATAML1.0-COHORT	2716	BA3310R	Primary Blood Derived Cancer - Bone Marrow
fe703303-9c7d-4438-920f-31cce91d01aa	cdbf1b5e-8e0f-4c44-b93d-a43b0e278903.rna_seq.augmented_star_gene_counts.tsv	Transcriptome Profiling	Gene Expression Quantification	BEATAML1.0-COHORT	2782	BA3325R	Recurrent Blood Derived Cancer - Peripheral Blood
b3bddb37-b0ec-4589-b49e-af380872b7e1	f6128f7e-829f-4236-a230-33a13c2cd3af.rna_seq.augmented_star_gene_counts.tsv	Transcriptome Profiling	Gene Expression Quantification	BEATAML1.0-COHORT	2065	BA2020R	Primary Blood Derived Cancer - Bone Marrow
a3de3e63-8b57-4bce-90a3-cbb548716166	aa58bd11-fa51-4385-a63d-2a00efc5aab3.rna_seq.augmented_star_gene_counts.tsv	Transcriptome Profiling	Gene Expression Quantification	BEATAML1.0-COHORT	2305	BA2110R	Primary Blood Derived Cancer - Bone Marrow
21f460ed-5049-4668-96b7-af2acd42c7f1	ce480257-926b-40fa-93b7-0f8d8ca7ebc1.rna_seq.augmented_star_gene_counts.tsv	Transcriptome Profiling	Gene Expression Quantification	BEATAML1.0-COHORT	2103	BA2682R	Primary Blood Derived Cancer - Peripheral Blood
95a05d91-05eb-4720-8972-ee8f68de765b	28f8a9c9-ac51-4a9c-b511-b0d12ed2ad07.rna_seq.augmented_star_gene_counts.tsv	Transcriptome Profiling	Gene Expression Quantification	BEATAML1.0-COHORT	2038	BA2887R	Primary Blood Derived Cancer - Bone Marrow
954fa381-1dfc-4a29-8c09-b83f2480e721	ef5faf3a-4a2f-4a0e-81fb-7d5a64e375bc.rna_seq.augmented_star_gene_counts.tsv	Transcriptome Profiling	Gene Expression Quantification	BEATAML1.0-COHORT	2539	BA2814R	Recurrent Blood Derived Cancer - Peripheral Blood
e135c54f-3858-41dc-b620-525bf0973563	00f0a63c-8167-41c2-9b09-72a12ee6d71a.rna_seq.augmented_star_gene_counts.tsv	Transcriptome Profiling	Gene Expression Quantification	BEATAML1.0-COHORT	2567	BA2511R	Primary Blood Derived Cancer - Peripheral Blood
388268ae-2b00-40bd-a8c5-90216e5ede34	63016917-1c94-4aab-9498-2da2435b59e9.rna_seq.augmented_star_gene_counts.tsv	Transcriptome Profiling	Gene Expression Quantification	BEATAML1.0-COHORT	2235	BA2782R	Primary Blood Derived Cancer - Bone Marrow
8190d513-f529-4393-98ad-72ca626d0ce0	810f8f2a-3dde-4cb0-81c2-47d0b87eb803.rna_seq.augmented_star_gene_counts.tsv	Transcriptome Profiling	Gene Expression Quantification	BEATAML1.0-COHORT	2673	BA3108R	Primary Blood Derived Cancer - Bone Marrow
94da6d19-3b6c-48e4-8591-9f691c761d95	6f5fd197-94a6-4938-98d8-67102bbc5d09.rna_seq.augmented_star_gene_counts.tsv	Transcriptome Profiling	Gene Expression Quantification	BEATAML1.0-COHORT	2225	BA2523R	Recurrent Blood Derived Cancer - Bone Marrow
7de27d20-74ba-4a67-a5f8-8c77f0ea8c88	9ea80a38-cc89-4b92-93ef-0ec5917069ac.rna_seq.augmented_star_gene_counts.tsv	Transcriptome Profiling	Gene Expression Quantification	BEATAML1.0-COHORT	2428	BA2931R	Blood Derived Normal
4975f3a3-29b9-4435-b7f1-54631944917a	48c5f44b-cd38-46ed-9f2b-b8663833dfe2.rna_seq.augmented_star_gene_counts.tsv	Transcriptome Profiling	Gene Expression Quantification	BEATAML1.0-COHORT	2517	BA2497R	Primary Blood Derived Cancer - Bone Marrow
2fe9b3fe-61b8-4d64-a889-2e8101f6106a	e897fbf5-d0d5-47ae-9141-8df7d6d66a56.rna_seq.augmented_star_gene_counts.tsv	Transcriptome Profiling	Gene Expression Quantification	BEATAML1.0-COHORT	2823	BA3187R	Recurrent Blood Derived Cancer - Bone Marrow
85bd495d-0ff5-406a-9520-423a679f2eda	1e6c6542-d676-45cc-9d81-81f0bf2ffa6e.rna_seq.augmented_star_gene_counts.tsv	Transcriptome Profiling	Gene Expression Quantification	BEATAML1.0-COHORT	2025	BA2461R	Recurrent Blood Derived Cancer - Bone Marrow
22ceabca-17a1-439a-8986-252527ec0062	179a7252-29fe-4e43-843e-c71fe038b01e.rna_seq.augmented_star_gene_counts.tsv	Transcriptome Profiling	Gene Expression Quantification	BEATAML1.0-COHORT	2584	BA3053R	Recurrent Blood Derived Cancer - Peripheral Blood
e0a1b384-18a7-493f-9301-8d94c89329ba	50b4ab50-06d1-4443-8c47-4e7fabd85419.rna_seq.augmented_star_gene_counts.tsv	Transcriptome Profiling	Gene Expression Quantification	BEATAML1.0-COHORT	2780	BA3451R	Primary Blood Derived Cancer - Bone Marrow
75b572ef-2019-4733-a251-43a3e53faa99	40609cb0-6463-48a0-94b0-1f3eeaad01df.rna_seq.augmented_star_gene_counts.tsv	Transcriptome Profiling	Gene Expression Quantification	BEATAML1.0-COHORT	2471	BA2211R	Primary Blood Derived Cancer - Bone Marrow
b2162ed6-6e87-4143-a0fd-9483eb992bd0	9746b990-b82b-494c-b6fd-08078ff7515a.rna_seq.augmented_star_gene_counts.tsv	Transcriptome Profiling	Gene Expression Quantification	BEATAML1.0-COHORT	2370	BA2053R	Primary Blood Derived Cancer - Peripheral Blood
539ae1a6-3bf5-48a6-af6f-280127378fad	ebc4d53b-b580-4490-b2f6-6266cd9febd0.rna_seq.augmented_star_gene_counts.tsv	Transcriptome Profiling	Gene Expression Quantification	BEATAML1.0-COHORT	2542	BA2820R	Recurrent Blood Derived Cancer - Bone Marrow
d854b6b9-6084-405e-b09e-e70733734c70	6fcd6c04-4f58-4a6d-871e-8ad6f4e439ea.rna_seq.augmented_star_gene_counts.tsv	Transcriptome Profiling	Gene Expression Quantification	BEATAML1.0-COHORT	2360	BA2889R	Recurrent Blood Derived Cancer - Bone Marrow
65d599a5-bd0c-4944-9a40-6044d361ab8f	36ab84e8-d445-427d-9648-1b92a8a83f64.rna_seq.augmented_star_gene_counts.tsv	Transcriptome Profiling	Gene Expression Quantification	BEATAML1.0-COHORT	2019	BA2905R	Recurrent Blood Derived Cancer - Peripheral Blood
a1263592-7afe-47ee-bc0f-87681bcdb512	e9cb594e-3ff1-42fc-9ddc-6c3c740b5ef4.rna_seq.augmented_star_gene_counts.tsv	Transcriptome Profiling	Gene Expression Quantification	BEATAML1.0-COHORT	2632	BA3216R	Primary Blood Derived Cancer - Peripheral Blood
f9d3d799-200e-4f6c-92a3-517c713a7ed7	b3ae2a89-52b7-438f-8619-9f305d281f0c.rna_seq.augmented_star_gene_counts.tsv	Transcriptome Profiling	Gene Expression Quantification	BEATAML1.0-COHORT	2805	BA3242R	Recurrent Blood Derived Cancer - Bone Marrow
a7c550b9-1de5-4c96-a190-3469cc27f9d3	33e9bd99-8646-43a4-a72a-e200d7859c15.rna_seq.augmented_star_gene_counts.tsv	Transcriptome Profiling	Gene Expression Quantification	BEATAML1.0-COHORT	2159	BA2481R	Recurrent Blood Derived Cancer - Bone Marrow
ba578e47-3e56-4c61-9410-42c477c32fb1	80b0c804-603e-4144-bbfd-62d507121655.rna_seq.augmented_star_gene_counts.tsv	Transcriptome Profiling	Gene Expression Quantification	BEATAML1.0-COHORT	2835	BA3452R	Recurrent Blood Derived Cancer - Peripheral Blood
f8b5a229-d679-405e-bc1c-8b4f9d59a582	2141e41d-095d-419e-b208-c20087e51186.rna_seq.augmented_star_gene_counts.tsv	Transcriptome Profiling	Gene Expression Quantification	BEATAML1.0-COHORT	2829	BA3245R	Recurrent Blood Derived Cancer - Peripheral Blood
a8ca6f5a-10d6-4dae-a40f-eee7247d11a4	2c1b94f7-7ba6-4e6d-bb81-af877db956de.rna_seq.augmented_star_gene_counts.tsv	Transcriptome Profiling	Gene Expression Quantification	BEATAML1.0-COHORT	2029	BA2474R	Primary Blood Derived Cancer - Bone Marrow
1a83da58-8cdb-4d38-91e6-482073a34f4b	34bc99d9-87dc-49ab-87f3-0a110de02f08.rna_seq.augmented_star_gene_counts.tsv	Transcriptome Profiling	Gene Expression Quantification	BEATAML1.0-COHORT	2169	BA2756R	Recurrent Blood Derived Cancer - Bone Marrow
83bba95a-241b-4b62-b10a-761bb2f1305f	412af4a4-10b4-48d4-85df-c590d69c2467.rna_seq.augmented_star_gene_counts.tsv	Transcriptome Profiling	Gene Expression Quantification	BEATAML1.0-COHORT	2587	BA3059R	Recurrent Blood Derived Cancer - Peripheral Blood
f7fff92e-da08-4b56-9c9a-041f58c597f2	5a917700-5848-4cb3-a8e9-e42d65f89ff9.rna_seq.augmented_star_gene_counts.tsv	Transcriptome Profiling	Gene Expression Quantification	BEATAML1.0-COHORT	2545	BA2923R	Recurrent Blood Derived Cancer - Peripheral Blood
9fe91373-54bb-4124-b445-f9a33688dd83	5bc5ded6-17e9-45e6-b97e-85466639347f.rna_seq.augmented_star_gene_counts.tsv	Transcriptome Profiling	Gene Expression Quantification	BEATAML1.0-COHORT	2314	BA2603R	Primary Blood Derived Cancer - Bone Marrow
703bb264-d9e7-4d57-8fe6-02432fa44deb	bc804352-980f-4cf7-a105-ee05a4bec5e4.rna_seq.augmented_star_gene_counts.tsv	Transcriptome Profiling	Gene Expression Quantification	BEATAML1.0-COHORT	2122	BA2024R	Primary Blood Derived Cancer - Bone Marrow
22f81fee-b29b-47dd-8861-182a4dd934d4	480af172-91bf-4cb4-a148-afd16a7a6293.rna_seq.augmented_star_gene_counts.tsv	Transcriptome Profiling	Gene Expression Quantification	BEATAML1.0-COHORT	2179	BA2069R	Primary Blood Derived Cancer - Bone Marrow
b194ade3-a033-451b-8de9-3885684da937	fad6e96c-1207-4d43-a553-001561b455ce.rna_seq.augmented_star_gene_counts.tsv	Transcriptome Profiling	Gene Expression Quantification	BEATAML1.0-COHORT	2798	BA3183R	Recurrent Blood Derived Cancer - Bone Marrow
1d47d8d2-d45c-4376-a434-c1d18a357e8b	28713b9e-d3ec-4aab-805a-ace8296a9de1.rna_seq.augmented_star_gene_counts.tsv	Transcriptome Profiling	Gene Expression Quantification	BEATAML1.0-COHORT	2392	BA2912R	Blood Derived Normal
0539e030-7030-4e01-9b6f-7832ff800b3f	b1027d23-55ab-46a3-b70d-a54890971027.rna_seq.augmented_star_gene_counts.tsv	Transcriptome Profiling	Gene Expression Quantification	BEATAML1.0-COHORT	2153	BA2088R	Recurrent Blood Derived Cancer - Bone Marrow
d0e52cd3-7b55-4989-a2b8-8c55b6b471a0	01d0d621-b018-4e2f-939d-7ca9ba845943.rna_seq.augmented_star_gene_counts.tsv	Transcriptome Profiling	Gene Expression Quantification	BEATAML1.0-COHORT	2724	BA3199R	Recurrent Blood Derived Cancer - Peripheral Blood
ca4b28b0-ea72-4844-9fe6-54bd46ad1951	517b7c4c-3cd1-4c87-bfb2-5eab95974670.rna_seq.augmented_star_gene_counts.tsv	Transcriptome Profiling	Gene Expression Quantification	BEATAML1.0-COHORT	2332	BA2989R	Recurrent Blood Derived Cancer - Bone Marrow
3d912ac6-490c-4e6e-9052-4c002b685e45	0fba24a0-a3cb-4009-8c7a-3f6884197bb5.rna_seq.augmented_star_gene_counts.tsv	Transcriptome Profiling	Gene Expression Quantification	BEATAML1.0-COHORT	2568	BA2880R	Recurrent Blood Derived Cancer - Bone Marrow
1cfba7c1-5914-4961-86be-87882b514092	20f3b824-5746-40fe-bc2c-7d9ce1fbb714.rna_seq.augmented_star_gene_counts.tsv	Transcriptome Profiling	Gene Expression Quantification	BEATAML1.0-COHORT	2202	BA2224R	Recurrent Blood Derived Cancer - Bone Marrow
53072746-eff3-4220-a0e7-cfe2e7169b36	dab82b88-6156-4fbb-bb2b-1b858221bb3a.rna_seq.augmented_star_gene_counts.tsv	Transcriptome Profiling	Gene Expression Quantification	BEATAML1.0-COHORT	2115	BA2072R	Primary Blood Derived Cancer - Bone Marrow
b879ecfa-1731-4cba-a8b6-bb3e4f06623b	33d08063-c479-49b6-a1f2-7d1ff598b4c3.rna_seq.augmented_star_gene_counts.tsv	Transcriptome Profiling	Gene Expression Quantification	BEATAML1.0-COHORT	2116	BA2867R	Recurrent Blood Derived Cancer - Bone Marrow
914ac8f4-30f3-40b3-99b1-77c8fdc37728	61d32a62-0168-4e09-8b09-cdd8966e1c79.rna_seq.augmented_star_gene_counts.tsv	Transcriptome Profiling	Gene Expression Quantification	BEATAML1.0-COHORT	2415	BA2872R	Recurrent Blood Derived Cancer - Bone Marrow
6dd0f47e-3607-4d50-bb6f-9ee1279575f0	2c9d99e4-b2c7-479b-a6f8-fa7bb6283e87.rna_seq.augmented_star_gene_counts.tsv	Transcriptome Profiling	Gene Expression Quantification	BEATAML1.0-COHORT	2230	BA2645R	Primary Blood Derived Cancer - Peripheral Blood
30f9e634-128a-4531-9cf7-44d522f1a4b0	fea1829a-0e77-429c-bc30-e24d3e844ecf.rna_seq.augmented_star_gene_counts.tsv	Transcriptome Profiling	Gene Expression Quantification	BEATAML1.0-COHORT	2163	BA2647R	Recurrent Blood Derived Cancer - Bone Marrow
d6cbfa6d-0fa9-47da-aefa-548f22574cb5	bf113155-e725-4c1b-a2ba-3c4c3f39d4b0.rna_seq.augmented_star_gene_counts.tsv	Transcriptome Profiling	Gene Expression Quantification	BEATAML1.0-COHORT	2269	BA2922R	Recurrent Blood Derived Cancer - Bone Marrow
501e75de-1503-41c3-8293-ebc02c62162e	280f4847-fe20-4cb9-9267-7db3cd94a91a.rna_seq.augmented_star_gene_counts.tsv	Transcriptome Profiling	Gene Expression Quantification	BEATAML1.0-COHORT	2797	BA3326R	Recurrent Blood Derived Cancer - Bone Marrow
cb48b6cd-f394-4e13-a75c-e64c7e867870	ad7414bb-6ec8-4991-aa75-d00b32e05621.rna_seq.augmented_star_gene_counts.tsv	Transcriptome Profiling	Gene Expression Quantification	BEATAML1.0-COHORT	2349	BA2827R	Blood Derived Normal
3db56be8-b1a0-4d4b-96b8-a177129e6481	45e6de30-0423-4063-bc50-53132e1f3253.rna_seq.augmented_star_gene_counts.tsv	Transcriptome Profiling	Gene Expression Quantification	BEATAML1.0-COHORT	2111	BA2972R	Primary Blood Derived Cancer - Bone Marrow
29fbf078-ab87-4f55-8f5c-e07ffce751ae	2685e5f5-a7e0-43eb-b31c-fab010692b5c.rna_seq.augmented_star_gene_counts.tsv	Transcriptome Profiling	Gene Expression Quantification	BEATAML1.0-COHORT	2166	BA2792R	Recurrent Blood Derived Cancer - Bone Marrow
8ed28748-bf87-414d-8231-b3b6dd1d975f	86b7733a-5fe4-44b3-aa71-2189e8643530.rna_seq.augmented_star_gene_counts.tsv	Transcriptome Profiling	Gene Expression Quantification	BEATAML1.0-COHORT	2382	BA2175R	Primary Blood Derived Cancer - Peripheral Blood
6dbe42fa-f144-4ad7-bfd6-fde4544ee1f7	1e91605b-3947-4949-a057-c5bba6eaae19.rna_seq.augmented_star_gene_counts.tsv	Transcriptome Profiling	Gene Expression Quantification	BEATAML1.0-COHORT	2367	BA2570R	Primary Blood Derived Cancer - Peripheral Blood
b90a275f-8efa-49f7-8a13-f98373ddb48c	edd6318a-be84-4615-aa8c-5a684dcadcc5.rna_seq.augmented_star_gene_counts.tsv	Transcriptome Profiling	Gene Expression Quantification	BEATAML1.0-COHORT	2428	BA2381R	Blood Derived Normal
098cc71c-148f-4ceb-9c05-cb0b4cfbc82b	97087f1b-2fa4-4e72-9858-4b8677a8c829.rna_seq.augmented_star_gene_counts.tsv	Transcriptome Profiling	Gene Expression Quantification	BEATAML1.0-COHORT	2267	BA2044R	Primary Blood Derived Cancer - Bone Marrow
505619d7-898e-4fd1-8405-ca283b1a61ec	5547a840-de9d-41b8-86de-5e56870d77a1.rna_seq.augmented_star_gene_counts.tsv	Transcriptome Profiling	Gene Expression Quantification	BEATAML1.0-COHORT	2591	BA3067R	Recurrent Blood Derived Cancer - Peripheral Blood
b133ee01-f8e9-472f-944d-4403adc2e833	12e417d3-c3f6-4667-aad9-c0891a9e64e7.rna_seq.augmented_star_gene_counts.tsv	Transcriptome Profiling	Gene Expression Quantification	BEATAML1.0-COHORT	2397	BA2772R	Primary Blood Derived Cancer - Peripheral Blood
07113882-2b6f-4d10-810c-4c605c9927ec	fed39b6e-07d7-456b-bafd-befeb6955628.rna_seq.augmented_star_gene_counts.tsv	Transcriptome Profiling	Gene Expression Quantification	BEATAML1.0-COHORT	2224	BA3099R	Recurrent Blood Derived Cancer - Peripheral Blood
3e7b80ab-1a70-4912-a390-b4652b684aea	fa4f3da2-1a15-497c-a3b1-fa19b03c86af.rna_seq.augmented_star_gene_counts.tsv	Transcriptome Profiling	Gene Expression Quantification	BEATAML1.0-COHORT	2224	BA2079R	Recurrent Blood Derived Cancer - Peripheral Blood
87496ee9-f462-4b38-8690-d2ac00ef3c87	7cc676df-8a96-4e82-96a4-4f39cc1d49f7.rna_seq.augmented_star_gene_counts.tsv	Transcriptome Profiling	Gene Expression Quantification	BEATAML1.0-COHORT	2481	BA2456R	Primary Blood Derived Cancer - Peripheral Blood
0f50fa1e-963e-48f0-b2bd-321ce98fc882	114fb96d-d185-4c24-bcb4-0aef35480a31.rna_seq.augmented_star_gene_counts.tsv	Transcriptome Profiling	Gene Expression Quantification	BEATAML1.0-COHORT	2652	BA3174R	Recurrent Blood Derived Cancer - Peripheral Blood
5372cbbc-9fcd-4e6b-b511-cf61f86690e9	ae9760b6-252b-444c-bc4b-cd160b89e970.rna_seq.augmented_star_gene_counts.tsv	Transcriptome Profiling	Gene Expression Quantification	BEATAML1.0-COHORT	2020	BA2006R	Primary Blood Derived Cancer - Peripheral Blood
53184f4d-c3e3-4a83-9b17-59564489cd1f	7e4ee06b-3cbc-4364-995f-bb04b46ecb36.rna_seq.augmented_star_gene_counts.tsv	Transcriptome Profiling	Gene Expression Quantification	BEATAML1.0-COHORT	2520	BA2984R	Primary Blood Derived Cancer - Peripheral Blood
6af90418-bcd9-4b0e-b35b-41e3d0a41d65	abb6f082-cd73-455f-964d-05a8f3312e04.rna_seq.augmented_star_gene_counts.tsv	Transcriptome Profiling	Gene Expression Quantification	BEATAML1.0-COHORT	2491	BA2003R	Recurrent Blood Derived Cancer - Peripheral Blood
99d3e183-2e67-4485-9c46-88d62d5c90e6	55a1dd6e-a09c-4b6b-831a-739c0471df73.rna_seq.augmented_star_gene_counts.tsv	Transcriptome Profiling	Gene Expression Quantification	BEATAML1.0-COHORT	2805	BA3302R	Primary Blood Derived Cancer - Bone Marrow
fdb2f8c1-4cc8-4658-82f2-79f57a195edc	36767f50-1d2f-488c-a768-f39721101d8b.rna_seq.augmented_star_gene_counts.tsv	Transcriptome Profiling	Gene Expression Quantification	BEATAML1.0-COHORT	2758	BA3152R	Primary Blood Derived Cancer - Bone Marrow
df27ad08-d16e-4a8f-8c31-f137073126d6	0ed6686d-eba7-4e5c-837c-22e56bcc0da1.rna_seq.augmented_star_gene_counts.tsv	Transcriptome Profiling	Gene Expression Quantification	BEATAML1.0-COHORT	2418	BA2409R	Primary Blood Derived Cancer - Bone Marrow
bff21947-952e-4b6a-b920-eb719beb37d1	457cca01-2bb5-4666-800b-d6654b05c29d.rna_seq.augmented_star_gene_counts.tsv	Transcriptome Profiling	Gene Expression Quantification	BEATAML1.0-COHORT	2741	BA3328R	Primary Blood Derived Cancer - Peripheral Blood
66312551-869a-461f-a631-5894a460ff24	0807a532-2206-4e7a-b748-b4fae1d697a4.rna_seq.augmented_star_gene_counts.tsv	Transcriptome Profiling	Gene Expression Quantification	BEATAML1.0-COHORT	2831	BA3141R	Blood Derived Cancer - Bone Marrow
05eb7ce9-0ab5-4d64-8b9f-14129a8124af	a4d62c4a-4564-42e8-901a-8c03dcacb3f5.rna_seq.augmented_star_gene_counts.tsv	Transcriptome Profiling	Gene Expression Quantification	BEATAML1.0-COHORT	2461	BA2593R	Primary Blood Derived Cancer - Peripheral Blood
fb0a6f8d-c0cf-4202-b63a-16df64ec0614	ee42c2e6-4463-4d6b-9029-eb0f57d20a97.rna_seq.augmented_star_gene_counts.tsv	Transcriptome Profiling	Gene Expression Quantification	BEATAML1.0-COHORT	2383	BA2133R	Recurrent Blood Derived Cancer - Peripheral Blood
bf6f5fbb-b5df-4fcd-b5da-45b8ef6d5c81	74ae425d-961d-485a-b5f0-2798b26cf0f9.rna_seq.augmented_star_gene_counts.tsv	Transcriptome Profiling	Gene Expression Quantification	BEATAML1.0-COHORT	2160	BA2651R	Primary Blood Derived Cancer - Bone Marrow
fe45f570-2572-4c3f-ae57-2f101582a538	8ed18abc-1cdb-42d3-8fdf-1b691b03d1fa.rna_seq.augmented_star_gene_counts.tsv	Transcriptome Profiling	Gene Expression Quantification	BEATAML1.0-COHORT	2081	BA2449R	Primary Blood Derived Cancer - Bone Marrow
e16bd682-7fc5-4d87-afec-7c39d19e897c	2bdfa449-0c7e-44d2-99ff-6ba7e2057fe7.rna_seq.augmented_star_gene_counts.tsv	Transcriptome Profiling	Gene Expression Quantification	BEATAML1.0-COHORT	2641	BA3207R	Recurrent Blood Derived Cancer - Peripheral Blood
eb1601ba-c5d9-4e90-b226-e5b942a5dda1	072be146-439a-4b94-89f5-ec77d4f2d73b.rna_seq.augmented_star_gene_counts.tsv	Transcriptome Profiling	Gene Expression Quantification	BEATAML1.0-COHORT	2492	BA2325R	Primary Blood Derived Cancer - Peripheral Blood
6c1bdd1d-6144-4577-9b08-7468c4046c53	b3d8bd9d-1e72-4ead-ad5a-34e106455286.rna_seq.augmented_star_gene_counts.tsv	Transcriptome Profiling	Gene Expression Quantification	BEATAML1.0-COHORT	2262	BA3025R	Recurrent Blood Derived Cancer - Peripheral Blood
3f8d71b3-5006-412e-856a-59d42940e5f5	3db92766-22d2-4880-97e1-121378564949.rna_seq.augmented_star_gene_counts.tsv	Transcriptome Profiling	Gene Expression Quantification	BEATAML1.0-COHORT	2096	BA2341R	Control Analyte
2434db74-cadf-40f7-ab04-fd61f353413c	60b2024c-3303-479d-ba26-a515aa5378b8.rna_seq.augmented_star_gene_counts.tsv	Transcriptome Profiling	Gene Expression Quantification	BEATAML1.0-COHORT	2329	BA2559R	Primary Blood Derived Cancer - Bone Marrow
aca10f71-bfa4-4759-8af7-4ea4bf5ef861	4eb6e456-4675-464e-b19a-5decc2c1b289.rna_seq.augmented_star_gene_counts.tsv	Transcriptome Profiling	Gene Expression Quantification	BEATAML1.0-COHORT	2739	BA3258R	Recurrent Blood Derived Cancer - Bone Marrow
17b604fa-40cc-4533-86f5-fc40e29cf034	aaaec877-5da4-4494-a76e-0f808c8b03fa.rna_seq.augmented_star_gene_counts.tsv	Transcriptome Profiling	Gene Expression Quantification	BEATAML1.0-COHORT	2321	BA2171R	Primary Blood Derived Cancer - Bone Marrow
4c68b056-d2a0-400a-b5d4-45c7e8d825d5	a59a85e9-c653-4d51-a586-ac8b5202ebd7.rna_seq.augmented_star_gene_counts.tsv	Transcriptome Profiling	Gene Expression Quantification	BEATAML1.0-COHORT	2739	BA3446R	Recurrent Blood Derived Cancer - Peripheral Blood
3b2613d0-32f7-4704-9def-de9c89b3dd96	d3959d4a-9c86-4306-bbdd-d3a04664ba2b.rna_seq.augmented_star_gene_counts.tsv	Transcriptome Profiling	Gene Expression Quantification	BEATAML1.0-COHORT	2444	BA2361R	Primary Blood Derived Cancer - Bone Marrow
7cac6af8-2356-42a6-914f-77dca1aeacce	96775d16-156f-46f0-807b-8c2b5cca402f.rna_seq.augmented_star_gene_counts.tsv	Transcriptome Profiling	Gene Expression Quantification	BEATAML1.0-COHORT	2023	BA2505R	Primary Blood Derived Cancer - Peripheral Blood
e95473fe-1bfc-4984-b27f-8ae6760dbdba	30ce58ec-9718-4d10-a1d9-eeeae2ffc068.rna_seq.augmented_star_gene_counts.tsv	Transcriptome Profiling	Gene Expression Quantification	BEATAML1.0-COHORT	2746	BA3333R	Recurrent Blood Derived Cancer - Peripheral Blood
603c0e14-f768-4b77-87d5-b7e1509fc81b	c3d0e1af-6482-4950-aa17-86c3b65defd6.rna_seq.augmented_star_gene_counts.tsv	Transcriptome Profiling	Gene Expression Quantification	BEATAML1.0-COHORT	2320	BA2184R	Primary Blood Derived Cancer - Bone Marrow
f4a22063-2799-462b-b3c0-2da92fc6d5f0	3b43edaf-d5eb-4bab-81c0-4bc0e9454732.rna_seq.augmented_star_gene_counts.tsv	Transcriptome Profiling	Gene Expression Quantification	BEATAML1.0-COHORT	2340	BA2286R	Primary Blood Derived Cancer - Bone Marrow
22710e76-0c0b-48a7-a610-d43dd28b47ac	51c57b2f-7aef-4925-a8b5-b5a807132802.rna_seq.augmented_star_gene_counts.tsv	Transcriptome Profiling	Gene Expression Quantification	BEATAML1.0-COHORT	2728	BA3430R	Recurrent Blood Derived Cancer - Bone Marrow
f6e3468e-a62c-4407-bed9-399ad2a7c85d	1d4ba186-0eb2-4775-bb21-8087aad37ee1.rna_seq.augmented_star_gene_counts.tsv	Transcriptome Profiling	Gene Expression Quantification	BEATAML1.0-COHORT	2727	BA3212R	Primary Blood Derived Cancer - Peripheral Blood
962fac0d-d5af-497c-b40e-640bed305cc3	851dc3a0-22b9-4b51-92ef-c181fe08dbc9.rna_seq.augmented_star_gene_counts.tsv	Transcriptome Profiling	Gene Expression Quantification	BEATAML1.0-COHORT	2614	BA3157R	Primary Blood Derived Cancer - Bone Marrow
e3570046-bac6-4af3-8491-c049f8fe589d	9617a504-1123-4b64-8401-40666d60ec01.rna_seq.augmented_star_gene_counts.tsv	Transcriptome Profiling	Gene Expression Quantification	BEATAML1.0-COHORT	2701	BA3405R	Primary Blood Derived Cancer - Peripheral Blood
fc7f1d0e-fb61-45d6-8f20-9fd3ce500849	9c1aae09-c37b-419d-8e04-fc60004596f5.rna_seq.augmented_star_gene_counts.tsv	Transcriptome Profiling	Gene Expression Quantification	BEATAML1.0-COHORT	2278	BA3038R	Primary Blood Derived Cancer - Bone Marrow
5010a01f-30f4-4b93-864c-6e0ed040d026	d050b96c-1885-4e4c-8d6c-78b052459938.rna_seq.augmented_star_gene_counts.tsv	Transcriptome Profiling	Gene Expression Quantification	BEATAML1.0-COHORT	2398	BA2172R	Recurrent Blood Derived Cancer - Peripheral Blood
d69fdfc5-8282-4c77-b3ab-cc0a184a2da1	e7d3d325-b3ce-4a97-9742-b956d2e6b7a1.rna_seq.augmented_star_gene_counts.tsv	Transcriptome Profiling	Gene Expression Quantification	BEATAML1.0-COHORT	2411	BA2978R	Primary Blood Derived Cancer - Peripheral Blood
7e1736a7-b0b7-419a-b82e-a6e3661c0f5c	12ee2fca-a1f5-44e0-997f-a303df8465b3.rna_seq.augmented_star_gene_counts.tsv	Transcriptome Profiling	Gene Expression Quantification	BEATAML1.0-COHORT	2112	BA2350R	Primary Blood Derived Cancer - Peripheral Blood
890ac102-188d-4593-9cf7-965d823b8dc2	5c69a285-74f0-47ca-bd61-d4bfdb572509.rna_seq.augmented_star_gene_counts.tsv	Transcriptome Profiling	Gene Expression Quantification	BEATAML1.0-COHORT	2150	BA2620R	Primary Blood Derived Cancer - Bone Marrow
f95a0fd3-3f29-4232-86f0-005ca3ef28b1	44df59be-2d6e-45f6-a414-3e8201dfdff9.rna_seq.augmented_star_gene_counts.tsv	Transcriptome Profiling	Gene Expression Quantification	BEATAML1.0-COHORT	2245	BA2357R	Primary Blood Derived Cancer - Bone Marrow
629310b9-80cd-48da-8389-e179fe210dc6	84faab6c-ce5e-4d3d-b440-47db8ebd497c.rna_seq.augmented_star_gene_counts.tsv	Transcriptome Profiling	Gene Expression Quantification	BEATAML1.0-COHORT	2714	BA3232R	Primary Blood Derived Cancer - Bone Marrow
42ecdbb0-24f3-4275-8f0d-5c1777b76d97	057e9e26-3a3b-48de-9b06-870435956748.rna_seq.augmented_star_gene_counts.tsv	Transcriptome Profiling	Gene Expression Quantification	BEATAML1.0-COHORT	2475	BA2924R	Recurrent Blood Derived Cancer - Peripheral Blood
858e591d-56e2-4dbe-832b-ea07ab44ec4c	19a48b14-cbd3-4240-935c-833cf0e9e990.rna_seq.augmented_star_gene_counts.tsv	Transcriptome Profiling	Gene Expression Quantification	BEATAML1.0-COHORT	2576	BA2636R	Recurrent Blood Derived Cancer - Peripheral Blood
b93f4906-1e66-4da1-af76-c1f6d770f41a	f2c7c513-ec96-4683-a2fe-e5c18cad3772.rna_seq.augmented_star_gene_counts.tsv	Transcriptome Profiling	Gene Expression Quantification	BEATAML1.0-COHORT	2399	BA2169R	Recurrent Blood Derived Cancer - Peripheral Blood
53b799e8-6d21-4a56-87ae-1ea73827e536	335fc845-875e-4a28-bdea-b42fc6d33ae3.rna_seq.augmented_star_gene_counts.tsv	Transcriptome Profiling	Gene Expression Quantification	BEATAML1.0-COHORT	2195	BA2421R	Recurrent Blood Derived Cancer - Peripheral Blood
3328f468-6159-44b6-898b-7c1d8e18c9ab	0d80152f-ed59-41ea-882e-d5619b5014e6.rna_seq.augmented_star_gene_counts.tsv	Transcriptome Profiling	Gene Expression Quantification	BEATAML1.0-COHORT	2772	BA3308R	Recurrent Blood Derived Cancer - Bone Marrow
6e5d7df5-9418-4645-b3eb-a158cbcbb706	17a7e3db-9378-4978-a810-d61ee4e88f6c.rna_seq.augmented_star_gene_counts.tsv	Transcriptome Profiling	Gene Expression Quantification	BEATAML1.0-COHORT	2754	BA3381R	Primary Blood Derived Cancer - Bone Marrow
1c91a0ed-0779-4a66-b3a2-d805b8588079	e8d37393-14b4-48ef-8574-0027d4ec4516.rna_seq.augmented_star_gene_counts.tsv	Transcriptome Profiling	Gene Expression Quantification	BEATAML1.0-COHORT	2162	BA2567R	Primary Blood Derived Cancer - Peripheral Blood
10e40b12-066c-4b63-82b3-901571c9bf34	25fcc122-362b-4c3e-afa6-7ba732d09a93.rna_seq.augmented_star_gene_counts.tsv	Transcriptome Profiling	Gene Expression Quantification	BEATAML1.0-COHORT	2484	BA2541R	Primary Blood Derived Cancer - Bone Marrow
6fedd222-043e-4c82-826e-3470b417203a	9695c603-49c6-44d6-bb68-ef93d79de4b2.rna_seq.augmented_star_gene_counts.tsv	Transcriptome Profiling	Gene Expression Quantification	BEATAML1.0-COHORT	2438	BA2964R	Blood Derived Normal
2790ee15-f7ac-41c5-b74c-ef436638d94d	ed492728-bacd-4368-8414-a4e515e8ada3.rna_seq.augmented_star_gene_counts.tsv	Transcriptome Profiling	Gene Expression Quantification	BEATAML1.0-COHORT	2084	BA2761R	Blood Derived Normal
858889c7-41fd-453e-bc28-f22946aeab55	cf1c07cd-8519-4f49-a791-8a556024ef81.rna_seq.augmented_star_gene_counts.tsv	Transcriptome Profiling	Gene Expression Quantification	BEATAML1.0-COHORT	2660	BA3094R	Primary Blood Derived Cancer - Peripheral Blood
51cfbbe4-3d65-4b47-85ba-942cfa126c2a	68d322b3-ced6-4b73-8306-6062fb10bcb7.rna_seq.augmented_star_gene_counts.tsv	Transcriptome Profiling	Gene Expression Quantification	BEATAML1.0-COHORT	2345	BA2227R	Primary Blood Derived Cancer - Bone Marrow
087ad4d2-5e55-43d8-9efa-a8fcbe68a026	60d50090-12d6-4ee0-a45b-ec878dfb7115.rna_seq.augmented_star_gene_counts.tsv	Transcriptome Profiling	Gene Expression Quantification	BEATAML1.0-COHORT	2832	BA3124R	Primary Blood Derived Cancer - Bone Marrow
bca3099a-07f0-4e2e-80d8-70f12123fb0f	9317bf57-b2f0-4948-8561-0762ae9b39d8.rna_seq.augmented_star_gene_counts.tsv	Transcriptome Profiling	Gene Expression Quantification	BEATAML1.0-COHORT	2087	BA2858R	Recurrent Blood Derived Cancer - Bone Marrow
d2d46fd1-f549-4e3e-87a6-14a8c8cd8138	a3a72e6d-4b5c-48fc-8e17-39434221c1ff.rna_seq.augmented_star_gene_counts.tsv	Transcriptome Profiling	Gene Expression Quantification	BEATAML1.0-COHORT	2176	BA2540R	Primary Blood Derived Cancer - Bone Marrow
7f83808f-e780-4614-bf10-2578d391c93d	b8e3bc1c-7edd-4bb0-8005-3e30648c1448.rna_seq.augmented_star_gene_counts.tsv	Transcriptome Profiling	Gene Expression Quantification	BEATAML1.0-COHORT	2100	BA2705R	Recurrent Blood Derived Cancer - Peripheral Blood
511e4965-7576-4a65-86da-2eb48f4ea330	abd633f7-7cdf-4057-9e75-1c1f2fa174d2.rna_seq.augmented_star_gene_counts.tsv	Transcriptome Profiling	Gene Expression Quantification	BEATAML1.0-COHORT	2008	BA2676R	Recurrent Blood Derived Cancer - Bone Marrow
4c0eda86-e8c4-48c3-8c23-f40e20137cc6	665e11bf-f308-4ce4-b9f1-9eda9754da35.rna_seq.augmented_star_gene_counts.tsv	Transcriptome Profiling	Gene Expression Quantification	BEATAML1.0-COHORT	2806	BA3260R	Recurrent Blood Derived Cancer - Bone Marrow
7cdf0443-afb4-4873-8335-e848bbf33062	69fe8afe-1ce0-42f7-92e3-e027f93e2206.rna_seq.augmented_star_gene_counts.tsv	Transcriptome Profiling	Gene Expression Quantification	BEATAML1.0-COHORT	2516	BA2908R	Primary Blood Derived Cancer - Bone Marrow
bc331ad9-5042-4dc1-900f-c1cfc7c14b6c	4b3388fb-97b8-4627-a2b0-e2c12b075ae8.rna_seq.augmented_star_gene_counts.tsv	Transcriptome Profiling	Gene Expression Quantification	BEATAML1.0-COHORT	2810	BA3116R	Primary Blood Derived Cancer - Bone Marrow
0d6c7560-1d95-462d-a81f-cdbae25437ae	6f046aa6-a990-494f-bd7d-b8716635cc55.rna_seq.augmented_star_gene_counts.tsv	Transcriptome Profiling	Gene Expression Quantification	BEATAML1.0-COHORT	2303	BA2281R	Primary Blood Derived Cancer - Bone Marrow
753042b9-aef4-4d38-af22-619cdece4431	591748a3-1bb0-4a14-b81a-d8465fe11d46.rna_seq.augmented_star_gene_counts.tsv	Transcriptome Profiling	Gene Expression Quantification	BEATAML1.0-COHORT	2203	BA2552R	Recurrent Blood Derived Cancer - Peripheral Blood
d5f2dd3b-5547-49be-81f9-a9dfb7f4e43e	ec77cef2-b06e-493e-8492-1f42cf493f4a.rna_seq.augmented_star_gene_counts.tsv	Transcriptome Profiling	Gene Expression Quantification	BEATAML1.0-COHORT	2487	BA2374R	Primary Blood Derived Cancer - Bone Marrow
c8496ed7-6396-4ef7-b7ba-16c4af54a19c	dc8d6449-6159-4581-94b8-e640b34838ec.rna_seq.augmented_star_gene_counts.tsv	Transcriptome Profiling	Gene Expression Quantification	BEATAML1.0-COHORT	2234	BA2454R	Primary Blood Derived Cancer - Peripheral Blood
dc445af3-f43b-4cb8-bf1c-f4b8a646c56f	eca05904-3c1f-469a-af38-291f9db5617d.rna_seq.augmented_star_gene_counts.tsv	Transcriptome Profiling	Gene Expression Quantification	BEATAML1.0-COHORT	2619	BA3138R	Recurrent Blood Derived Cancer - Peripheral Blood
14cbd06f-265b-44bc-a790-cead39e6f9ac	a5906321-f56c-48b3-94d6-f971d2e37983.rna_seq.augmented_star_gene_counts.tsv	Transcriptome Profiling	Gene Expression Quantification	BEATAML1.0-COHORT	2432	BA2033R	Recurrent Blood Derived Cancer - Peripheral Blood
c6d34424-27ae-4274-8cae-159f311ef023	c2f2f770-54a8-458e-8759-39879d3014db.rna_seq.augmented_star_gene_counts.tsv	Transcriptome Profiling	Gene Expression Quantification	BEATAML1.0-COHORT	2394	BA2720R	Recurrent Blood Derived Cancer - Bone Marrow
573c02bc-770a-4152-aab3-5c320016f47c	2a3d0bd1-6408-42e4-b0d4-203a57654f69.rna_seq.augmented_star_gene_counts.tsv	Transcriptome Profiling	Gene Expression Quantification	BEATAML1.0-COHORT	2440	BA2379R	Recurrent Blood Derived Cancer - Bone Marrow
30248e5f-9c56-4830-afad-c10029361508	91bbcf8f-4160-4cc9-b478-5a4e91211af0.rna_seq.augmented_star_gene_counts.tsv	Transcriptome Profiling	Gene Expression Quantification	BEATAML1.0-COHORT	2456	BA2670R	Recurrent Blood Derived Cancer - Peripheral Blood
04179e01-6679-4ad1-a99f-fe8476d47d27	f2bf8d18-a872-44d9-9848-33fb5ec60d49.rna_seq.augmented_star_gene_counts.tsv	Transcriptome Profiling	Gene Expression Quantification	BEATAML1.0-COHORT	2298	BA2360R	Recurrent Blood Derived Cancer - Bone Marrow
187c98bd-3a34-4eff-9c64-7e84454d08db	23de666a-6ec1-405a-8364-c962b54688fc.rna_seq.augmented_star_gene_counts.tsv	Transcriptome Profiling	Gene Expression Quantification	BEATAML1.0-COHORT	2683	BA3243R	Primary Blood Derived Cancer - Bone Marrow
469fa87e-9d27-4c67-93f9-3bd00800db0b	b074df19-fc32-4e01-92a8-556d17870674.rna_seq.augmented_star_gene_counts.tsv	Transcriptome Profiling	Gene Expression Quantification	BEATAML1.0-COHORT	2072	BA2355R	Recurrent Blood Derived Cancer - Bone Marrow
29d090fd-c30b-4e45-aecb-f1b6243057ea	3b4ec423-62b5-44b7-9cb2-60c0d77941e8.rna_seq.augmented_star_gene_counts.tsv	Transcriptome Profiling	Gene Expression Quantification	BEATAML1.0-COHORT	2718	BA3250R	Primary Blood Derived Cancer - Bone Marrow
a400608f-fed5-4320-a622-1c170829cb6f	7d9b6864-0edb-4536-ae8b-fe94f8711b4a.rna_seq.augmented_star_gene_counts.tsv	Transcriptome Profiling	Gene Expression Quantification	BEATAML1.0-COHORT	2173	BA2245R	Recurrent Blood Derived Cancer - Peripheral Blood
39421b49-3892-4d77-8684-4dddfddbc78a	9e82b4b4-1ab1-4c7b-aa17-911417b3bb76.rna_seq.augmented_star_gene_counts.tsv	Transcriptome Profiling	Gene Expression Quantification	BEATAML1.0-COHORT	2680	BA3373R	Recurrent Blood Derived Cancer - Bone Marrow
f43676ab-f29c-41ca-9cec-ed6f326f3543	5f3366e5-1518-46d1-b524-5cc34e733fdc.rna_seq.augmented_star_gene_counts.tsv	Transcriptome Profiling	Gene Expression Quantification	BEATAML1.0-COHORT	2107	BA2839R	Recurrent Blood Derived Cancer - Bone Marrow
61d07a1d-6231-4511-881e-d44f3f022a5d	52feb4cd-35c6-40c4-b828-a1c35d98cded.rna_seq.augmented_star_gene_counts.tsv	Transcriptome Profiling	Gene Expression Quantification	BEATAML1.0-COHORT	2532	BA2425R	Primary Blood Derived Cancer - Peripheral Blood
b876b952-c9df-4c54-9f68-ad4e7ef914a9	a0f5689d-f0e9-44ce-91f0-16afaf8face7.rna_seq.augmented_star_gene_counts.tsv	Transcriptome Profiling	Gene Expression Quantification	BEATAML1.0-COHORT	2638	BA3163R	Recurrent Blood Derived Cancer - Bone Marrow
16d3d164-986e-4256-b37e-5291a02dcc3d	d277b62b-c674-4b75-9d49-27308547a9bf.rna_seq.augmented_star_gene_counts.tsv	Transcriptome Profiling	Gene Expression Quantification	BEATAML1.0-COHORT	2645	BA3221R	Recurrent Blood Derived Cancer - Peripheral Blood
063ecf1c-71ac-4a07-945f-3324480c5b05	0475aa3f-b360-420c-bc99-86c9fd98e584.rna_seq.augmented_star_gene_counts.tsv	Transcriptome Profiling	Gene Expression Quantification	BEATAML1.0-COHORT	2645	BA3286R	Primary Blood Derived Cancer - Bone Marrow
2a818cde-5079-4d5e-8856-a2a1c5601435	d35e975d-6df4-4876-8ae4-f6bbd6cec0d4.rna_seq.augmented_star_gene_counts.tsv	Transcriptome Profiling	Gene Expression Quantification	BEATAML1.0-COHORT	2804	BA3182R	Primary Blood Derived Cancer - Peripheral Blood
0debf8ee-e3b1-4518-84b5-86a5306ee197	6945244c-6fe3-4ad1-8dc0-beb7e2806132.rna_seq.augmented_star_gene_counts.tsv	Transcriptome Profiling	Gene Expression Quantification	BEATAML1.0-COHORT	2574	BA2282R	Recurrent Blood Derived Cancer - Peripheral Blood
1ea5e789-916a-4f08-b267-bc992ebb5770	51efde36-1dbe-4f90-82f4-0f0280e47b24.rna_seq.augmented_star_gene_counts.tsv	Transcriptome Profiling	Gene Expression Quantification	BEATAML1.0-COHORT	2433	BA2521R	Primary Blood Derived Cancer - Bone Marrow
b9ff2a75-c44a-40eb-982c-9d364ec2dcb4	af40c500-132f-42c6-a28c-d177dd62b5b1.rna_seq.augmented_star_gene_counts.tsv	Transcriptome Profiling	Gene Expression Quantification	BEATAML1.0-COHORT	2824	BA3418R	Recurrent Blood Derived Cancer - Peripheral Blood
efe5d099-e094-489e-9b5b-7e6eabf9a805	d545f024-7415-45ef-9e0c-4d9a63c6f1fc.rna_seq.augmented_star_gene_counts.tsv	Transcriptome Profiling	Gene Expression Quantification	BEATAML1.0-COHORT	2790	BA3103R	Primary Blood Derived Cancer - Bone Marrow
9b3866c2-f7d2-4bd3-9da4-afc8ffb63b62	d9a6fb4e-802a-4b1a-93c2-0af76dd41f9c.rna_seq.augmented_star_gene_counts.tsv	Transcriptome Profiling	Gene Expression Quantification	BEATAML1.0-COHORT	2026	BA2122R	Recurrent Blood Derived Cancer - Bone Marrow
15695ec8-8cfc-4cf2-8384-d9ec9f315c38	6f83a17a-5dce-4718-bf1f-1f77393e74e2.rna_seq.augmented_star_gene_counts.tsv	Transcriptome Profiling	Gene Expression Quantification	BEATAML1.0-COHORT	2286	BA2667R	Recurrent Blood Derived Cancer - Bone Marrow
dc1479d4-9bbb-4fc2-b164-3d364791e437	1e94e7f2-6b87-43d0-a389-8c59ef24874a.rna_seq.augmented_star_gene_counts.tsv	Transcriptome Profiling	Gene Expression Quantification	BEATAML1.0-COHORT	2543	BA2525R	Primary Blood Derived Cancer - Peripheral Blood
97ca74c0-7cde-4f90-8944-387ed2af7ce5	f7612a39-b4bb-47d8-ab41-6acdfb249877.rna_seq.augmented_star_gene_counts.tsv	Transcriptome Profiling	Gene Expression Quantification	BEATAML1.0-COHORT	2703	BA3312R	Primary Blood Derived Cancer - Bone Marrow
e38a3705-9e63-4fb3-ab90-b51e13aa153f	5d7fc722-75c9-4568-b74b-fa34ed821afb.rna_seq.augmented_star_gene_counts.tsv	Transcriptome Profiling	Gene Expression Quantification	BEATAML1.0-COHORT	2521	BA2691R	Recurrent Blood Derived Cancer - Peripheral Blood
d0d96026-43c4-4d28-90c9-5188e30a2a43	3c4c415c-6a74-49ee-b271-7874bb65c836.rna_seq.augmented_star_gene_counts.tsv	Transcriptome Profiling	Gene Expression Quantification	BEATAML1.0-COHORT	2049	BA2623R	Recurrent Blood Derived Cancer - Peripheral Blood
c84c6e9b-ed8d-48c9-a9f6-1619e6dd48d1	32adef60-2edc-41eb-a00e-7e04ad88f7b7.rna_seq.augmented_star_gene_counts.tsv	Transcriptome Profiling	Gene Expression Quantification	BEATAML1.0-COHORT	2283	BA2538R	Primary Blood Derived Cancer - Peripheral Blood
31248bba-ea3b-4ce9-90eb-4e7d8e738225	23b0825d-30dd-4bf4-899a-d9b538265f8c.rna_seq.augmented_star_gene_counts.tsv	Transcriptome Profiling	Gene Expression Quantification	BEATAML1.0-COHORT	2442	BA2868R	Primary Blood Derived Cancer - Peripheral Blood
d3d259ba-4cef-4be8-b24f-0972fa04bf18	426d4c09-39cf-4e30-a4a5-c7663508f2c7.rna_seq.augmented_star_gene_counts.tsv	Transcriptome Profiling	Gene Expression Quantification	BEATAML1.0-COHORT	2753	BA3290R	Recurrent Blood Derived Cancer - Bone Marrow
c197d901-8895-4013-8c29-e760c59f8b59	76b6af41-f04c-472c-acb6-91631a19b453.rna_seq.augmented_star_gene_counts.tsv	Transcriptome Profiling	Gene Expression Quantification	BEATAML1.0-COHORT	2708	BA3347R	Primary Blood Derived Cancer - Bone Marrow
a45eb660-5cdb-4a9b-bfce-3dabe165f23f	8240f1da-ce79-4910-911a-f707362e2556.rna_seq.augmented_star_gene_counts.tsv	Transcriptome Profiling	Gene Expression Quantification	BEATAML1.0-COHORT	2194	BA3164R	Recurrent Blood Derived Cancer - Peripheral Blood
07eb8bb3-3699-4623-bcd9-3965cf0f9dc2	f23ad63e-781c-4270-a102-4440d7f682f5.rna_seq.augmented_star_gene_counts.tsv	Transcriptome Profiling	Gene Expression Quantification	BEATAML1.0-COHORT	2055	BA2939R	Recurrent Blood Derived Cancer - Peripheral Blood
20f3fb5d-6965-4c59-bbb1-6f9f37e73f2a	b9fc95e3-f32a-45a9-afae-becc471c2082.rna_seq.augmented_star_gene_counts.tsv	Transcriptome Profiling	Gene Expression Quantification	BEATAML1.0-COHORT	2622	BA3269R	Primary Blood Derived Cancer - Bone Marrow
31d7b873-53b5-48b4-9ac5-18227cac0121	97102a6d-1ac1-4ab8-ae6a-09b6c736be14.rna_seq.augmented_star_gene_counts.tsv	Transcriptome Profiling	Gene Expression Quantification	BEATAML1.0-COHORT	2066	BA2066R	Primary Blood Derived Cancer - Bone Marrow
9b61f05b-5671-4f2a-ac3b-cff00c7a0c37	0fdc64d6-a8ce-4094-afb1-68f61d651aab.rna_seq.augmented_star_gene_counts.tsv	Transcriptome Profiling	Gene Expression Quantification	BEATAML1.0-COHORT	2605	BA3423R	Recurrent Blood Derived Cancer - Bone Marrow
8c18305c-92e5-4b33-b992-1ef25c351b0e	4cbb1862-ed5b-4bc2-b5f4-32f4004cc4f3.rna_seq.augmented_star_gene_counts.tsv	Transcriptome Profiling	Gene Expression Quantification	BEATAML1.0-COHORT	2684	BA3296R	Recurrent Blood Derived Cancer - Bone Marrow
b0e9b415-27fa-4650-8a40-3ef685760c75	4016fba6-508f-4d54-ba02-ae3bc75b99cc.rna_seq.augmented_star_gene_counts.tsv	Transcriptome Profiling	Gene Expression Quantification	BEATAML1.0-COHORT	2818	BA3277R	Primary Blood Derived Cancer - Bone Marrow
46132470-0e1e-4308-b011-caafdc018fba	91b5a64e-2ea4-4377-a9c9-b3461ff5d76d.rna_seq.augmented_star_gene_counts.tsv	Transcriptome Profiling	Gene Expression Quantification	BEATAML1.0-COHORT	2079	BA3029R	Recurrent Blood Derived Cancer - Peripheral Blood
ca34c198-7e61-4276-80c5-b22c8e5af3e1	6cf84a0a-6c37-4725-82b5-3c695e6d8896.rna_seq.augmented_star_gene_counts.tsv	Transcriptome Profiling	Gene Expression Quantification	BEATAML1.0-COHORT	2734	BA3226R	Recurrent Blood Derived Cancer - Bone Marrow
c33086dd-c1c5-4278-b33c-4b94b774b209	af065e3f-bfe4-49ab-b6e8-5d014165afa3.rna_seq.augmented_star_gene_counts.tsv	Transcriptome Profiling	Gene Expression Quantification	BEATAML1.0-COHORT	2231	BA2561R	Primary Blood Derived Cancer - Bone Marrow
3f5a2492-b075-4b80-beaa-3c0ce5ead9ed	3c7dbb02-bd9c-437e-98b9-f86d88691da7.rna_seq.augmented_star_gene_counts.tsv	Transcriptome Profiling	Gene Expression Quantification	BEATAML1.0-COHORT	2308	BA2526R	Recurrent Blood Derived Cancer - Peripheral Blood
8e0743ed-b35b-43fc-8002-2524a4c6fb7c	c1bcec35-9ccb-418b-9bf3-888957932798.rna_seq.augmented_star_gene_counts.tsv	Transcriptome Profiling	Gene Expression Quantification	BEATAML1.0-COHORT	2284	BA2994R	Recurrent Blood Derived Cancer - Peripheral Blood
1672d8c3-a904-48bd-a706-411f37187294	2c4c9224-a6a3-47f5-a0d7-04e08cc74995.rna_seq.augmented_star_gene_counts.tsv	Transcriptome Profiling	Gene Expression Quantification	BEATAML1.0-COHORT	2553	BA2656R	Recurrent Blood Derived Cancer - Peripheral Blood
08e458f7-a395-4ca1-a43d-e71350480668	1c7e5b44-f20c-4043-a3c0-c040b03fed77.rna_seq.augmented_star_gene_counts.tsv	Transcriptome Profiling	Gene Expression Quantification	BEATAML1.0-COHORT	2186	BA2677R	Recurrent Blood Derived Cancer - Bone Marrow
df6e89f6-c621-4d64-b282-12ef72e10783	5d0a084c-94bb-438a-ba5c-5bb224a85ccd.rna_seq.augmented_star_gene_counts.tsv	Transcriptome Profiling	Gene Expression Quantification	BEATAML1.0-COHORT	2740	BA3162R	Primary Blood Derived Cancer - Bone Marrow
b17aa076-01ae-476d-9256-1a367fea8872	2ae6e544-65eb-4ec5-81f9-f720b0550904.rna_seq.augmented_star_gene_counts.tsv	Transcriptome Profiling	Gene Expression Quantification	BEATAML1.0-COHORT	2713	BA3110R	Primary Blood Derived Cancer - Bone Marrow
c8f516d1-26d5-45db-bd05-f549738d65e7	a406edd5-1c12-4855-bc2f-b3f728bc5478.rna_seq.augmented_star_gene_counts.tsv	Transcriptome Profiling	Gene Expression Quantification	BEATAML1.0-COHORT	2577	BA2944R	Primary Blood Derived Cancer - Peripheral Blood
01d880c3-68ca-4c71-98e2-1fcb3d785ca3	13228736-e003-4431-a1f2-e108ee085b5a.rna_seq.augmented_star_gene_counts.tsv	Transcriptome Profiling	Gene Expression Quantification	BEATAML1.0-COHORT	2108	BA2832R	Recurrent Blood Derived Cancer - Peripheral Blood
9507c9d3-5021-49d9-b0e6-e04304077840	26faa247-b535-4b3e-8833-f67751967b1f.rna_seq.augmented_star_gene_counts.tsv	Transcriptome Profiling	Gene Expression Quantification	BEATAML1.0-COHORT	2749	BA3375R	Primary Blood Derived Cancer - Peripheral Blood
749578ad-6c70-4715-9174-f984b25ec518	08fad03d-e4a3-4bd8-ba53-6f7856161692.rna_seq.augmented_star_gene_counts.tsv	Transcriptome Profiling	Gene Expression Quantification	BEATAML1.0-COHORT	2281	BA2995R	Recurrent Blood Derived Cancer - Bone Marrow
13e131bc-c3ab-405e-9a98-1efef18edcd2	1622fc0e-0535-4f0f-941f-6c8024b8c719.rna_seq.augmented_star_gene_counts.tsv	Transcriptome Profiling	Gene Expression Quantification	BEATAML1.0-COHORT	2290	BA2597R	Recurrent Blood Derived Cancer - Peripheral Blood
a95d86bd-5331-4a21-8e9b-9c013789d4f5	22c817ae-d00c-4262-9257-eac99ce5b54c.rna_seq.augmented_star_gene_counts.tsv	Transcriptome Profiling	Gene Expression Quantification	BEATAML1.0-COHORT	2608	BA3299R	Primary Blood Derived Cancer - Bone Marrow
fc7b1d7a-a866-41b5-83ff-db311d2b66fd	eeaa4eee-0045-48e9-bb04-8cbcd4260fae.rna_seq.augmented_star_gene_counts.tsv	Transcriptome Profiling	Gene Expression Quantification	BEATAML1.0-COHORT	2185	BA2926R	Primary Blood Derived Cancer - Bone Marrow
49da34d1-6e9e-4662-af90-5e632d0536ba	a4a79d61-706a-4f0d-ae50-57def4706ea6.rna_seq.augmented_star_gene_counts.tsv	Transcriptome Profiling	Gene Expression Quantification	BEATAML1.0-COHORT	2316	BA2233R	Primary Blood Derived Cancer - Bone Marrow
60bda87e-4180-43ca-89a3-ac698a4ed8f1	d9d04e4d-3a1a-451d-895c-f724790aeb29.rna_seq.augmented_star_gene_counts.tsv	Transcriptome Profiling	Gene Expression Quantification	BEATAML1.0-COHORT	2811	BA3306R	Primary Blood Derived Cancer - Peripheral Blood
58392b7d-59dd-4bbc-b6a4-6a9c77ba471b	931325f8-5271-44e6-86d1-99fba4ab908f.rna_seq.augmented_star_gene_counts.tsv	Transcriptome Profiling	Gene Expression Quantification	BEATAML1.0-COHORT	2796	BA3406R	Primary Blood Derived Cancer - Peripheral Blood
62fdcef4-c483-4f31-b22c-1dacca2f76a9	ba6e3122-f38d-43d7-94fe-f78f62b97f3d.rna_seq.augmented_star_gene_counts.tsv	Transcriptome Profiling	Gene Expression Quantification	BEATAML1.0-COHORT	2009	BA3322R	Recurrent Blood Derived Cancer - Bone Marrow
6fe587ba-5e45-4b42-b178-dc3705bbf738	813d1156-eaba-4e65-99b7-3e1b20c427b4.rna_seq.augmented_star_gene_counts.tsv	Transcriptome Profiling	Gene Expression Quantification	BEATAML1.0-COHORT	2561	BA2906R	Recurrent Blood Derived Cancer - Peripheral Blood
d7c2a435-89b2-4c93-a975-304b625e99cb	1487d57f-15f6-4b97-a3fc-80c10c84771d.rna_seq.augmented_star_gene_counts.tsv	Transcriptome Profiling	Gene Expression Quantification	BEATAML1.0-COHORT	2774	BA3249R	Blood Derived Cancer - Peripheral Blood
0941e9fe-a727-4161-9aa2-5dbc9f3905de	47945af2-0461-4623-9a69-bf15f5079c4f.rna_seq.augmented_star_gene_counts.tsv	Transcriptome Profiling	Gene Expression Quantification	BEATAML1.0-COHORT	2458	BA2655R	Recurrent Blood Derived Cancer - Bone Marrow
6621a5db-cfdd-427d-93c2-62f5c2d8a0f5	80edcecb-86f7-4dde-83f7-359db7f0306d.rna_seq.augmented_star_gene_counts.tsv	Transcriptome Profiling	Gene Expression Quantification	BEATAML1.0-COHORT	2769	BA3185R	Primary Blood Derived Cancer - Peripheral Blood
b4d02d36-0572-46f9-ac0c-a33fadcd99cb	2eb4a274-f269-4cb9-8907-d27d46d5535b.rna_seq.augmented_star_gene_counts.tsv	Transcriptome Profiling	Gene Expression Quantification	BEATAML1.0-COHORT	2403	BA2742R	Primary Blood Derived Cancer - Peripheral Blood
6d1759cd-f1c7-4fb8-9052-b0d8ed0c115e	1d7e61a7-4a5c-4bd0-930a-9a06f6fb7dd2.rna_seq.augmented_star_gene_counts.tsv	Transcriptome Profiling	Gene Expression Quantification	BEATAML1.0-COHORT	2403	BA2316R	Primary Blood Derived Cancer - Bone Marrow
0fa08062-f700-4acc-b9f0-6140b8fb0497	dcb157d4-0cad-489c-904d-27560c81aeb2.rna_seq.augmented_star_gene_counts.tsv	Transcriptome Profiling	Gene Expression Quantification	BEATAML1.0-COHORT	2248	BA2308R	Recurrent Blood Derived Cancer - Peripheral Blood
f1198296-d220-4919-a8cc-488f89595e1c	bf885635-7681-4bbc-9e4e-3b37645b1bb3.rna_seq.augmented_star_gene_counts.tsv	Transcriptome Profiling	Gene Expression Quantification	BEATAML1.0-COHORT	2510	BA2727R	Recurrent Blood Derived Cancer - Peripheral Blood
9af7b644-a283-426a-9853-e881fa8d765d	af22b16e-5780-41cd-b142-f8c219006545.rna_seq.augmented_star_gene_counts.tsv	Transcriptome Profiling	Gene Expression Quantification	BEATAML1.0-COHORT	2248	BA2413R	Recurrent Blood Derived Cancer - Bone Marrow
1cd3d90f-278b-4484-846e-f9b8d2f4aa75	4ecaed96-fe09-4ea1-9bba-081ababbc8d6.rna_seq.augmented_star_gene_counts.tsv	Transcriptome Profiling	Gene Expression Quantification	BEATAML1.0-COHORT	2636	BA3422R	Primary Blood Derived Cancer - Bone Marrow
c829612d-2b3d-4aff-8ffe-9551499661d0	cb59ee58-11f4-4ee5-9989-514c98512a61.rna_seq.augmented_star_gene_counts.tsv	Transcriptome Profiling	Gene Expression Quantification	BEATAML1.0-COHORT	2743	BA3186R	Recurrent Blood Derived Cancer - Peripheral Blood
7aada10f-1e2e-4db5-b39b-d9200de2d31b	b7f5e11a-226e-44c2-b8c0-a2b93c9f6080.rna_seq.augmented_star_gene_counts.tsv	Transcriptome Profiling	Gene Expression Quantification	BEATAML1.0-COHORT	2511	BA2426R	Primary Blood Derived Cancer - Bone Marrow
8799254a-b549-41a5-8f66-693809687f07	a25b093f-0b4b-408b-83f2-5fc577ec399b.rna_seq.augmented_star_gene_counts.tsv	Transcriptome Profiling	Gene Expression Quantification	BEATAML1.0-COHORT	2210	BA2993R	Recurrent Blood Derived Cancer - Peripheral Blood
04ba28e8-35fc-455b-b653-b18f1d6abcb6	42f1fce5-3a05-45f4-818e-3a67e242daea.rna_seq.augmented_star_gene_counts.tsv	Transcriptome Profiling	Gene Expression Quantification	BEATAML1.0-COHORT	2210	BA2850R	Recurrent Blood Derived Cancer - Peripheral Blood
64693fe3-5048-4218-ba5c-4d8e05b7bd68	ae3f0afc-73a0-4f96-b30e-c53f513e4b4e.rna_seq.augmented_star_gene_counts.tsv	Transcriptome Profiling	Gene Expression Quantification	BEATAML1.0-COHORT	2328	BA2502R	Recurrent Blood Derived Cancer - Peripheral Blood
960259e0-6b8b-41ac-804d-ff900abeef46	614fb8d7-ed40-45f1-a903-409ed68bcbb6.rna_seq.augmented_star_gene_counts.tsv	Transcriptome Profiling	Gene Expression Quantification	BEATAML1.0-COHORT	2353	BA2152R	Blood Derived Normal
cb9c970a-ec56-44a3-b3ad-112662e4e44e	c1be2e52-ad6c-4f09-9cc4-b4411b12f3ab.rna_seq.augmented_star_gene_counts.tsv	Transcriptome Profiling	Gene Expression Quantification	BEATAML1.0-COHORT	2419	BA2701R	Recurrent Blood Derived Cancer - Peripheral Blood
38f65e90-860a-45e6-8042-860f77d18eb8	2aba8669-d859-42df-a05a-bb5670f25b11.rna_seq.augmented_star_gene_counts.tsv	Transcriptome Profiling	Gene Expression Quantification	BEATAML1.0-COHORT	2422	BA2584R	Primary Blood Derived Cancer - Peripheral Blood
312ade73-8b93-4487-8329-80ea3175c434	47209a35-5e24-44f8-9f84-73ca9835da62.rna_seq.augmented_star_gene_counts.tsv	Transcriptome Profiling	Gene Expression Quantification	BEATAML1.0-COHORT	2003	BA2499R	Recurrent Blood Derived Cancer - Peripheral Blood
8f0dbcd7-211e-4570-8d20-2bfe69280721	906cf2fe-94ec-4ec4-bb76-8ffae788e7f6.rna_seq.augmented_star_gene_counts.tsv	Transcriptome Profiling	Gene Expression Quantification	BEATAML1.0-COHORT	2615	BA3411R	Recurrent Blood Derived Cancer - Bone Marrow
50c6141b-d409-4cc9-a5a6-21ac0ed03fb8	d4399e11-5da3-49b7-90c1-0b2293a0854e.rna_seq.augmented_star_gene_counts.tsv	Transcriptome Profiling	Gene Expression Quantification	BEATAML1.0-COHORT	2540	BA2485R	Primary Blood Derived Cancer - Bone Marrow
9a4afe88-8f79-4acc-8c78-f59542c4cdb0	db8734aa-da33-49f3-ac37-86fff3547fbb.rna_seq.augmented_star_gene_counts.tsv	Transcriptome Profiling	Gene Expression Quantification	BEATAML1.0-COHORT	2400	BA2520R	Recurrent Blood Derived Cancer - Peripheral Blood
8e0c8c32-0bd9-4f99-bea1-54c658fcaee3	cd0093fe-0759-4024-b025-4f7bf6e57800.rna_seq.augmented_star_gene_counts.tsv	Transcriptome Profiling	Gene Expression Quantification	BEATAML1.0-COHORT	2343	BA2093R	Primary Blood Derived Cancer - Bone Marrow
b5be0364-ebdf-446d-acb1-2e54938a7307	a333516a-c269-4e81-9e38-edc5934ce3f8.rna_seq.augmented_star_gene_counts.tsv	Transcriptome Profiling	Gene Expression Quantification	BEATAML1.0-COHORT	2700	BA3191R	Primary Blood Derived Cancer - Peripheral Blood
69e94b99-f03b-4404-8b34-17489f45f9af	91977038-037a-4d59-a71a-df703d24e684.rna_seq.augmented_star_gene_counts.tsv	Transcriptome Profiling	Gene Expression Quantification	BEATAML1.0-COHORT	2017	BA2156R	Primary Blood Derived Cancer - Bone Marrow
c869e383-05cf-4312-a197-d7fa866270a8	21f31342-2157-44ef-a202-156d885ecef8.rna_seq.augmented_star_gene_counts.tsv	Transcriptome Profiling	Gene Expression Quantification	BEATAML1.0-COHORT	2149	BA3023R	Primary Blood Derived Cancer - Peripheral Blood
a23dd77d-9b6c-4736-986a-c0a8173ad6c2	0b75b562-5597-4399-8970-8389a39b33c7.rna_seq.augmented_star_gene_counts.tsv	Transcriptome Profiling	Gene Expression Quantification	BEATAML1.0-COHORT	2215	BA2587R	Primary Blood Derived Cancer - Bone Marrow
30d6527d-ef6f-432c-a9a0-9b6fe2b2c27a	091635b0-8421-433e-9796-41dc7b4dd76b.rna_seq.augmented_star_gene_counts.tsv	Transcriptome Profiling	Gene Expression Quantification	BEATAML1.0-COHORT	2271	BA2865R	Primary Blood Derived Cancer - Bone Marrow
09fda60f-36b4-438d-9605-d83ec9dbe0b9	e2fca6f7-db8a-4343-9057-740dcd4a75f9.rna_seq.augmented_star_gene_counts.tsv	Transcriptome Profiling	Gene Expression Quantification	BEATAML1.0-COHORT	2240	BA2229R	Recurrent Blood Derived Cancer - Peripheral Blood
7b397b6b-f81b-493e-b05b-c58eef1885c1	1abe9f36-010b-4f4c-905a-b12e0bf89af8.rna_seq.augmented_star_gene_counts.tsv	Transcriptome Profiling	Gene Expression Quantification	BEATAML1.0-COHORT	2469	BA2068R	Primary Blood Derived Cancer - Bone Marrow
8a221229-6b40-419a-8185-255a8a087b0e	633428f2-50e6-4f0a-bca3-f7ae775ebf7a.rna_seq.augmented_star_gene_counts.tsv	Transcriptome Profiling	Gene Expression Quantification	BEATAML1.0-COHORT	2505	BA2182R	Blood Derived Normal
64c13198-0900-4da7-ba36-661cb9ee6dfb	0624a923-9826-4222-8907-79c167397dfb.rna_seq.augmented_star_gene_counts.tsv	Transcriptome Profiling	Gene Expression Quantification	BEATAML1.0-COHORT	2792	BA3271R	Primary Blood Derived Cancer - Bone Marrow
a27833e7-8735-4770-bb23-0e33bbc97e1e	3153160f-ebae-43ca-befb-dc808de758a0.rna_seq.augmented_star_gene_counts.tsv	Transcriptome Profiling	Gene Expression Quantification	BEATAML1.0-COHORT	2313	BA2707R	Recurrent Blood Derived Cancer - Peripheral Blood
6e4f67e9-98af-4012-8656-c8bf43987ddf	4fee906a-e87d-45f7-af91-498dea2bb25f.rna_seq.augmented_star_gene_counts.tsv	Transcriptome Profiling	Gene Expression Quantification	BEATAML1.0-COHORT	2650	BA3227R	Primary Blood Derived Cancer - Bone Marrow
c35bccd7-c00d-47cd-aa1c-3800ee0b658f	223ff4c9-88cf-4c1c-9016-d480c5e476a9.rna_seq.augmented_star_gene_counts.tsv	Transcriptome Profiling	Gene Expression Quantification	BEATAML1.0-COHORT	2077	BA2534R	Recurrent Blood Derived Cancer - Bone Marrow
434b062b-cbc9-4b55-aeb4-b8de6641d777	765bc8c0-d0ee-4984-be70-185cfc997ab6.rna_seq.augmented_star_gene_counts.tsv	Transcriptome Profiling	Gene Expression Quantification	BEATAML1.0-COHORT	2282	BA2218R	Recurrent Blood Derived Cancer - Peripheral Blood
5820840b-1ff2-474b-a420-a210f8a996c9	59357ca1-d091-4e6b-b695-ac6a008359f6.rna_seq.augmented_star_gene_counts.tsv	Transcriptome Profiling	Gene Expression Quantification	BEATAML1.0-COHORT	2077	BA2344R	Recurrent Blood Derived Cancer - Peripheral Blood
967bfa88-204d-4145-ba57-a8a4dc67c1d6	f827dc04-d259-4481-9fa8-d437474c6c3a.rna_seq.augmented_star_gene_counts.tsv	Transcriptome Profiling	Gene Expression Quantification	BEATAML1.0-COHORT	2630	BA3098R	Primary Blood Derived Cancer - Peripheral Blood
c964267a-8297-41a1-afad-4aafbd14a811	07e19cf7-db36-469e-a766-71d5b025d02b.rna_seq.augmented_star_gene_counts.tsv	Transcriptome Profiling	Gene Expression Quantification	BEATAML1.0-COHORT	2069	BA2932R	Primary Blood Derived Cancer - Bone Marrow
db21b4c3-5381-4060-b9da-6fe3e535770a	7f380b61-93a5-4fa4-bddd-f28aeb15d8c6.rna_seq.augmented_star_gene_counts.tsv	Transcriptome Profiling	Gene Expression Quantification	BEATAML1.0-COHORT	2595	BA3300R	Primary Blood Derived Cancer - Peripheral Blood
d1645adb-5c72-4175-b683-24d131551066	f512f4e1-909e-4bd7-b3dd-7683ec22b78c.rna_seq.augmented_star_gene_counts.tsv	Transcriptome Profiling	Gene Expression Quantification	BEATAML1.0-COHORT	2041	BA2724R	Primary Blood Derived Cancer - Bone Marrow
59880989-f43d-452f-89f6-8e37b05bb3d0	ae614ae1-dde6-4021-8351-3f5d11a26bf7.rna_seq.augmented_star_gene_counts.tsv	Transcriptome Profiling	Gene Expression Quantification	BEATAML1.0-COHORT	2307	BA2414R	Recurrent Blood Derived Cancer - Bone Marrow
afc0919f-b51e-471a-995f-c75fafde1d68	bdb210fa-7665-40fe-97e6-306a3624d57d.rna_seq.augmented_star_gene_counts.tsv	Transcriptome Profiling	Gene Expression Quantification	BEATAML1.0-COHORT	2356	BA2121R	Primary Blood Derived Cancer - Bone Marrow
ea13f5ce-7466-48bd-b64f-b7fa3b85895e	54f10f57-78ee-4086-b180-900a8de6f561.rna_seq.augmented_star_gene_counts.tsv	Transcriptome Profiling	Gene Expression Quantification	BEATAML1.0-COHORT	2141	BA2789R	Recurrent Blood Derived Cancer - Bone Marrow
d280cbf2-fc15-47f5-b9d7-55191ef9f553	9ab989d3-5c8d-4ca5-9d0a-a801bf923a43.rna_seq.augmented_star_gene_counts.tsv	Transcriptome Profiling	Gene Expression Quantification	BEATAML1.0-COHORT	2394	BA2220R	Recurrent Blood Derived Cancer - Bone Marrow
f19620fc-7119-4dcd-bcba-0a9f9d74958b	4c858dab-a498-4f2c-9fef-86a4e724ef75.rna_seq.augmented_star_gene_counts.tsv	Transcriptome Profiling	Gene Expression Quantification	BEATAML1.0-COHORT	2440	BA2347R	Recurrent Blood Derived Cancer - Peripheral Blood
55bf8068-bdbb-4d08-aa3b-31f3de80e292	c63ca70a-5d15-42e9-96f7-4822ca8903c0.rna_seq.augmented_star_gene_counts.tsv	Transcriptome Profiling	Gene Expression Quantification	BEATAML1.0-COHORT	2223	BA2633R	Blood Derived Normal
ec523684-a326-40f8-8331-8178cdd4cad9	058efcbd-69fa-4ac1-ad4f-03f37059fb69.rna_seq.augmented_star_gene_counts.tsv	Transcriptome Profiling	Gene Expression Quantification	BEATAML1.0-COHORT	2453	BA2758R	Recurrent Blood Derived Cancer - Peripheral Blood
9e0e7ab5-f2d0-4570-92a4-87164b2e15a2	4f1ca485-f2c5-4761-9e51-6c5629da0b92.rna_seq.augmented_star_gene_counts.tsv	Transcriptome Profiling	Gene Expression Quantification	BEATAML1.0-COHORT	2105	BA2248R	Recurrent Blood Derived Cancer - Peripheral Blood
fb2d7cb4-1f33-493f-a718-c45008715abb	2708fbc8-0546-428f-a58e-d46f8c7cbeaf.rna_seq.augmented_star_gene_counts.tsv	Transcriptome Profiling	Gene Expression Quantification	BEATAML1.0-COHORT	2611	BA3123R	Recurrent Blood Derived Cancer - Bone Marrow
d6362459-0c4b-4477-a0eb-98365053fea9	f7e8c8a0-88f9-4866-87b8-4dca7c5af6dd.rna_seq.augmented_star_gene_counts.tsv	Transcriptome Profiling	Gene Expression Quantification	BEATAML1.0-COHORT	2220	BA2162R	Primary Blood Derived Cancer - Peripheral Blood
a20041e0-6014-48ba-bc2e-685dab205b6d	f5da32bb-990c-4c35-8591-ecdcf7ba3d1a.rna_seq.augmented_star_gene_counts.tsv	Transcriptome Profiling	Gene Expression Quantification	BEATAML1.0-COHORT	2216	BA2160R	Recurrent Blood Derived Cancer - Peripheral Blood
5e44b415-d29f-4b00-905d-cb29e14d8c20	702a0de5-3d34-40db-b4d3-935a90eac6f5.rna_seq.augmented_star_gene_counts.tsv	Transcriptome Profiling	Gene Expression Quantification	BEATAML1.0-COHORT	2324	BA3027R	Recurrent Blood Derived Cancer - Peripheral Blood
99e3133c-216c-4029-9405-49ad8ee24f91	e3ec5bba-350e-44f4-8d7d-f13dd88944be.rna_seq.augmented_star_gene_counts.tsv	Transcriptome Profiling	Gene Expression Quantification	BEATAML1.0-COHORT	2523	BA3145R	Recurrent Blood Derived Cancer - Peripheral Blood
80eded89-d476-40a3-ae1f-d1de101e831e	a778e576-a88b-40d4-b6cb-559871689ad6.rna_seq.augmented_star_gene_counts.tsv	Transcriptome Profiling	Gene Expression Quantification	BEATAML1.0-COHORT	2820	BA3214R	Blood Derived Cancer - Bone Marrow
4ce9dc83-065e-468d-9012-bc41a8d371b0	df967d88-089e-4a99-a65e-16aaf8ad26dc.rna_seq.augmented_star_gene_counts.tsv	Transcriptome Profiling	Gene Expression Quantification	BEATAML1.0-COHORT	2044	BA2277R	Recurrent Blood Derived Cancer - Peripheral Blood
7bbdd31e-7cbe-4d91-8107-8ad0d7183e10	9925c463-d44f-4d4f-8af0-d7d566785b8f.rna_seq.augmented_star_gene_counts.tsv	Transcriptome Profiling	Gene Expression Quantification	BEATAML1.0-COHORT	2575	BA2464R	Primary Blood Derived Cancer - Bone Marrow
395bcfdd-0384-4b19-9b48-1db8b0b73362	87de02ae-9ed2-4b5a-b626-a0e5a9450621.rna_seq.augmented_star_gene_counts.tsv	Transcriptome Profiling	Gene Expression Quantification	BEATAML1.0-COHORT	2562	BA2125R	Primary Blood Derived Cancer - Bone Marrow
6d0a7e07-7864-4f10-830d-034857d764ed	810172de-fc1b-4038-a568-aa81829d2ddf.rna_seq.augmented_star_gene_counts.tsv	Transcriptome Profiling	Gene Expression Quantification	BEATAML1.0-COHORT	2775	BA3345R	Recurrent Blood Derived Cancer - Peripheral Blood
67469a95-a401-4e54-b515-4cfa3648b61e	3e8cb181-da8c-403e-916a-243f95c7911c.rna_seq.augmented_star_gene_counts.tsv	Transcriptome Profiling	Gene Expression Quantification	BEATAML1.0-COHORT	2244	BA2722R	Recurrent Blood Derived Cancer - Peripheral Blood
0f3d90c8-0d9b-429d-aea2-ba315f92e44c	1e0cabf4-e813-4246-9879-5902a0cf6a9d.rna_seq.augmented_star_gene_counts.tsv	Transcriptome Profiling	Gene Expression Quantification	BEATAML1.0-COHORT	2052	BA2272R	Primary Blood Derived Cancer - Peripheral Blood
235a9461-3820-44c5-8df2-e9b6f7573537	5d221512-0abb-4e46-b17b-ef20f3419782.rna_seq.augmented_star_gene_counts.tsv	Transcriptome Profiling	Gene Expression Quantification	BEATAML1.0-COHORT	2055	BA2106R	Recurrent Blood Derived Cancer - Bone Marrow
0283bd1d-7f59-4b78-abe5-62dfe152b06d	79087c34-977a-42e7-a175-5f78867ee263.rna_seq.augmented_star_gene_counts.tsv	Transcriptome Profiling	Gene Expression Quantification	BEATAML1.0-COHORT	2317	BA2915R	Primary Blood Derived Cancer - Peripheral Blood
83679ba5-e441-4061-9825-c89430e8425e	4a3cbb8a-42c4-44eb-a679-2e574378f6a2.rna_seq.augmented_star_gene_counts.tsv	Transcriptome Profiling	Gene Expression Quantification	BEATAML1.0-COHORT	2284	BA2450R	Recurrent Blood Derived Cancer - Peripheral Blood
bf7632c0-65c2-41a8-9aa8-32d5e7be2a45	520474ee-868e-499c-924a-9db2bd55a9f7.rna_seq.augmented_star_gene_counts.tsv	Transcriptome Profiling	Gene Expression Quantification	BEATAML1.0-COHORT	2620	BA3208R	Recurrent Blood Derived Cancer - Bone Marrow
65b9ed46-98f8-49d7-8c0d-1ff20310646e	56d5994b-c81a-4d58-b380-d383166fcad5.rna_seq.augmented_star_gene_counts.tsv	Transcriptome Profiling	Gene Expression Quantification	BEATAML1.0-COHORT	2186	BA2329R	Recurrent Blood Derived Cancer - Bone Marrow
ae14709f-8eef-4f83-bf11-09388b3dc823	95778077-25f9-4bd7-941a-02bfb0add597.rna_seq.augmented_star_gene_counts.tsv	Transcriptome Profiling	Gene Expression Quantification	BEATAML1.0-COHORT	2005	BA2802R	Recurrent Blood Derived Cancer - Peripheral Blood
40eec1ca-2001-479d-b236-14ee4242cc54	f6c953ec-6236-407c-a0ee-67d3961f0806.rna_seq.augmented_star_gene_counts.tsv	Transcriptome Profiling	Gene Expression Quantification	BEATAML1.0-COHORT	2450	BA2904R	Recurrent Blood Derived Cancer - Peripheral Blood
50c7c92b-b992-4d56-9dd9-a7638f34a620	f2f789da-a189-477d-acf1-42c221c65bbc.rna_seq.augmented_star_gene_counts.tsv	Transcriptome Profiling	Gene Expression Quantification	BEATAML1.0-COHORT	2018	BA2950R	Recurrent Blood Derived Cancer - Peripheral Blood
e4925da9-c6f1-42b0-8efd-d43122876a6c	f30bcf2f-78b1-4bdf-bd17-c763fad6372b.rna_seq.augmented_star_gene_counts.tsv	Transcriptome Profiling	Gene Expression Quantification	BEATAML1.0-COHORT	2730	BA3367R	Blood Derived Cancer - Bone Marrow
002cacd9-c03b-4526-a380-0701f41c4a9e	0e7f5326-458e-4849-822d-b0d4e7684949.rna_seq.augmented_star_gene_counts.tsv	Transcriptome Profiling	Gene Expression Quantification	BEATAML1.0-COHORT	2354	BA2405R	Primary Blood Derived Cancer - Peripheral Blood
b77854ca-7825-4f01-8b29-febfdc5e8bc4	06b17a99-ba2f-43ec-b7ff-91437f1c5dd2.rna_seq.augmented_star_gene_counts.tsv	Transcriptome Profiling	Gene Expression Quantification	BEATAML1.0-COHORT	2834	BA3438R	Primary Blood Derived Cancer - Bone Marrow
185f0a18-a5f0-417a-b92b-88c040bfa4a0	4a8ea51a-c58d-4b13-a8f9-98960e1b1813.rna_seq.augmented_star_gene_counts.tsv	Transcriptome Profiling	Gene Expression Quantification	BEATAML1.0-COHORT	2493	BA2563R	Primary Blood Derived Cancer - Bone Marrow
ec903194-7058-4a72-b1d9-151e31c0aa2e	0360bce6-b811-4021-b76a-4ec9bf7a404e.rna_seq.augmented_star_gene_counts.tsv	Transcriptome Profiling	Gene Expression Quantification	BEATAML1.0-COHORT	2572	BA2228R	Recurrent Blood Derived Cancer - Bone Marrow
191a9092-448f-4784-a79f-866df810ae10	d20c5ea6-116f-4b76-a09a-69a010b48f15.rna_seq.augmented_star_gene_counts.tsv	Transcriptome Profiling	Gene Expression Quantification	BEATAML1.0-COHORT	2010	BA2304R	Recurrent Blood Derived Cancer - Bone Marrow
71c42570-48a3-4c72-a48d-90d7b3e96210	dfe21d71-90b9-4e15-b502-485e95906bf5.rna_seq.augmented_star_gene_counts.tsv	Transcriptome Profiling	Gene Expression Quantification	BEATAML1.0-COHORT	2300	BA2808R	Primary Blood Derived Cancer - Peripheral Blood
d0fc0d90-22d4-4cdb-afde-eefeda724d98	b9c6d5a3-9726-4793-9d16-517434ef8f20.rna_seq.augmented_star_gene_counts.tsv	Transcriptome Profiling	Gene Expression Quantification	BEATAML1.0-COHORT	2251	BA2109R	Primary Blood Derived Cancer - Peripheral Blood
f557fe86-320b-400c-a6cf-4002c1fa034e	048e4dbb-4d0a-423f-8792-b3fa4586a6e5.rna_seq.augmented_star_gene_counts.tsv	Transcriptome Profiling	Gene Expression Quantification	BEATAML1.0-COHORT	2583	BA3051R	Recurrent Blood Derived Cancer - Bone Marrow
0c34853b-fb90-4dca-ae23-9c80612d9297	cf696163-f828-455d-a745-36718ecfc973.rna_seq.augmented_star_gene_counts.tsv	Transcriptome Profiling	Gene Expression Quantification	BEATAML1.0-COHORT	2097	BA2649R	Primary Blood Derived Cancer - Bone Marrow
50654f3b-2201-4070-bc21-5eb69f750314	ff088a0d-906d-462f-b865-49a250e2eac4.rna_seq.augmented_star_gene_counts.tsv	Transcriptome Profiling	Gene Expression Quantification	BEATAML1.0-COHORT	2182	BA2037R	Primary Blood Derived Cancer - Bone Marrow
11eca071-42b6-488a-ab71-c0e184b54770	78fc70db-b514-4ee2-9ae6-23ea0ad3faec.rna_seq.augmented_star_gene_counts.tsv	Transcriptome Profiling	Gene Expression Quantification	BEATAML1.0-COHORT	2138	BA2775R	Primary Blood Derived Cancer - Peripheral Blood
34aab05b-c8d4-4785-950e-8bd7d50a6708	ca509a6d-cd53-4896-93d0-67075675b255.rna_seq.augmented_star_gene_counts.tsv	Transcriptome Profiling	Gene Expression Quantification	BEATAML1.0-COHORT	2250	BA2441R	Recurrent Blood Derived Cancer - Peripheral Blood
dd434a66-5d54-4004-9e75-b1ef83dd2bc4	bb84f190-64de-4177-885b-a56045ce24de.rna_seq.augmented_star_gene_counts.tsv	Transcriptome Profiling	Gene Expression Quantification	BEATAML1.0-COHORT	2270	BA2050R	Recurrent Blood Derived Cancer - Bone Marrow
e3550fa6-fddb-4fea-8f7c-4cfa62cb5b86	b9451fe0-7cdc-4e8b-92d5-44799c074f87.rna_seq.augmented_star_gene_counts.tsv	Transcriptome Profiling	Gene Expression Quantification	BEATAML1.0-COHORT	2046	BA3030R	Recurrent Blood Derived Cancer - Bone Marrow
fa01cf9e-db07-42aa-bacc-ff9cb9fa483f	e0c0718f-bd3d-4421-879e-61201bc544ae.rna_seq.augmented_star_gene_counts.tsv	Transcriptome Profiling	Gene Expression Quantification	BEATAML1.0-COHORT	2056	BA2292R	Recurrent Blood Derived Cancer - Bone Marrow
e8ee5997-3eb7-40a6-a3b4-886c19a3d2f8	5190e420-e9fd-4f07-a763-a9c3e0d8867d.rna_seq.augmented_star_gene_counts.tsv	Transcriptome Profiling	Gene Expression Quantification	BEATAML1.0-COHORT	2648	BA3280R	Primary Blood Derived Cancer - Bone Marrow
d04d36f3-519c-487c-a03f-fe4db79ba5c0	22dacf5b-d25d-4f55-8ca4-06b4a0345f76.rna_seq.augmented_star_gene_counts.tsv	Transcriptome Profiling	Gene Expression Quantification	BEATAML1.0-COHORT	2677	BA3289R	Primary Blood Derived Cancer - Bone Marrow
743aca26-34bb-492c-8a85-e633446eaeb3	0287c556-18c9-4693-b835-0fdcef488f9d.rna_seq.augmented_star_gene_counts.tsv	Transcriptome Profiling	Gene Expression Quantification	BEATAML1.0-COHORT	2004	BA2846R	Recurrent Blood Derived Cancer - Bone Marrow
41e0ca9d-0afc-44f7-b9e2-6941fd174f9f	0a43d2b5-b963-45b5-8bda-236155ecd96f.rna_seq.augmented_star_gene_counts.tsv	Transcriptome Profiling	Gene Expression Quantification	BEATAML1.0-COHORT	2793	BA3177R	Primary Blood Derived Cancer - Peripheral Blood
dce08c84-fd25-477f-b04d-aedc874af914	bff023d9-46e6-4293-bfc5-d30cd7257816.rna_seq.augmented_star_gene_counts.tsv	Transcriptome Profiling	Gene Expression Quantification	BEATAML1.0-COHORT	2309	BA3077R	Recurrent Blood Derived Cancer - Peripheral Blood
e21ffece-8364-47e9-8c3c-5fb917ad101d	8ffb565c-8153-44ce-aac2-9521892622ff.rna_seq.augmented_star_gene_counts.tsv	Transcriptome Profiling	Gene Expression Quantification	BEATAML1.0-COHORT	2647	BA3431R	Primary Blood Derived Cancer - Peripheral Blood
12ef0b95-e2fa-471d-abbd-45c8ddd9dd51	35cd4d2a-f923-4abc-b51f-fd2de80020ba.rna_seq.augmented_star_gene_counts.tsv	Transcriptome Profiling	Gene Expression Quantification	BEATAML1.0-COHORT	2815	BA3251R	Primary Blood Derived Cancer - Bone Marrow
ec6fff93-a0a5-4538-9759-8c01c8dd8498	c5d0c549-89d5-475a-8da0-b983565870dc.rna_seq.augmented_star_gene_counts.tsv	Transcriptome Profiling	Gene Expression Quantification	BEATAML1.0-COHORT	2464	BA2051R	Primary Blood Derived Cancer - Bone Marrow
74f7a611-1f0a-4fd6-84bc-bda77156ccc2	b2ff9536-e29f-4a43-b7bc-dd802258099c.rna_seq.augmented_star_gene_counts.tsv	Transcriptome Profiling	Gene Expression Quantification	BEATAML1.0-COHORT	2390	BA2492R	Recurrent Blood Derived Cancer - Bone Marrow
1c5276fe-b7dc-41ae-a7de-949ed102b397	b8e7ec32-44fc-4b0e-a030-ac6e42349666.rna_seq.augmented_star_gene_counts.tsv	Transcriptome Profiling	Gene Expression Quantification	BEATAML1.0-COHORT	2268	BA2830R	Recurrent Blood Derived Cancer - Peripheral Blood
d8b70528-dfcb-448c-9355-559f33058df2	a153d72e-b208-41fe-a370-5d4df480b7b3.rna_seq.augmented_star_gene_counts.tsv	Transcriptome Profiling	Gene Expression Quantification	BEATAML1.0-COHORT	2309	BA2726R	Recurrent Blood Derived Cancer - Peripheral Blood
faf62725-28f4-48eb-9f6d-3d2755b89011	6093b48f-385f-4faa-94f8-4180857af2c8.rna_seq.augmented_star_gene_counts.tsv	Transcriptome Profiling	Gene Expression Quantification	BEATAML1.0-COHORT	2090	BA2911R	Recurrent Blood Derived Cancer - Peripheral Blood
aa14ec38-4028-4b84-bc7b-e52b97aa933f	e4c89988-b406-43ae-8bcc-8609e6fa5e6f.rna_seq.augmented_star_gene_counts.tsv	Transcriptome Profiling	Gene Expression Quantification	BEATAML1.0-COHORT	2221	BA2087R	Primary Blood Derived Cancer - Peripheral Blood
2de1e68f-06b5-4b35-aecf-77ec658bff75	6047cae9-112a-48b3-abbc-d82e9073c4c2.rna_seq.augmented_star_gene_counts.tsv	Transcriptome Profiling	Gene Expression Quantification	BEATAML1.0-COHORT	2770	BA3180R	Primary Blood Derived Cancer - Bone Marrow
b79c1db5-c5d6-48d8-8eb7-f9a57d8fdb29	6052fd14-3af1-4822-8ad4-e1e433a09114.rna_seq.augmented_star_gene_counts.tsv	Transcriptome Profiling	Gene Expression Quantification	BEATAML1.0-COHORT	2291	BA2201R	Primary Blood Derived Cancer - Bone Marrow
001454b2-aff9-4659-85a6-73fb8092589a	ea66c133-4c75-4f77-99d6-55675bf481b4.rna_seq.augmented_star_gene_counts.tsv	Transcriptome Profiling	Gene Expression Quantification	BEATAML1.0-COHORT	2518	BA2751R	Primary Blood Derived Cancer - Peripheral Blood
9f3359a1-7f74-4700-bd4a-373a27e1206a	c201763d-d003-4e99-8f91-40ad3cd18ca8.rna_seq.augmented_star_gene_counts.tsv	Transcriptome Profiling	Gene Expression Quantification	BEATAML1.0-COHORT	2747	BA3133R	Recurrent Blood Derived Cancer - Bone Marrow
b316ab2c-c291-4ad4-8bd7-7ca4d756957d	92384dec-ff89-45e2-8917-1bb2ba16d935.rna_seq.augmented_star_gene_counts.tsv	Transcriptome Profiling	Gene Expression Quantification	BEATAML1.0-COHORT	2445	BA2036R	Primary Blood Derived Cancer - Peripheral Blood
dcac9324-8ab7-45be-ae41-6fc64bad8a80	b2572cf2-dd72-42e4-857c-ad31eacdcb8d.rna_seq.augmented_star_gene_counts.tsv	Transcriptome Profiling	Gene Expression Quantification	BEATAML1.0-COHORT	2757	BA3194R	Blood Derived Cancer - Peripheral Blood
a224a999-0519-4668-9875-83aa648e46e0	11d5fc9f-4480-4c0e-954f-b98251953957.rna_seq.augmented_star_gene_counts.tsv	Transcriptome Profiling	Gene Expression Quantification	BEATAML1.0-COHORT	2485	BA2953R	Recurrent Blood Derived Cancer - Bone Marrow
cf121f9a-388b-4c82-b5ca-3119364cf096	c960c2b5-64b9-454e-bdca-c96f36ff1980.rna_seq.augmented_star_gene_counts.tsv	Transcriptome Profiling	Gene Expression Quantification	BEATAML1.0-COHORT	2205	BA2747R	Primary Blood Derived Cancer - Peripheral Blood
ea28b788-9a6c-4c43-b113-090c8a660749	4980af6e-3c26-4fb6-977d-2d60a1d76dbd.rna_seq.augmented_star_gene_counts.tsv	Transcriptome Profiling	Gene Expression Quantification	BEATAML1.0-COHORT	2326	BA2239R	Primary Blood Derived Cancer - Bone Marrow
1e643799-c8b7-4f0c-88cd-9acc0c5e43d6	24bd476f-0f45-4aa2-b88d-2f6473b0b68f.rna_seq.augmented_star_gene_counts.tsv	Transcriptome Profiling	Gene Expression Quantification	BEATAML1.0-COHORT	2047	BA2634R	Recurrent Blood Derived Cancer - Peripheral Blood
8873c1be-83f6-4f26-ae64-50bccd56ff36	4ddc4fcd-eb97-45fa-bc70-5b1a81e95453.rna_seq.augmented_star_gene_counts.tsv	Transcriptome Profiling	Gene Expression Quantification	BEATAML1.0-COHORT	2297	BA2168R	Recurrent Blood Derived Cancer - Peripheral Blood
afaf103a-eb3a-4af4-a26f-7fdf6d8928ee	540975c7-f841-47b4-acce-61014a7af784.rna_seq.augmented_star_gene_counts.tsv	Transcriptome Profiling	Gene Expression Quantification	BEATAML1.0-COHORT	2592	BA3070R	Recurrent Blood Derived Cancer - Peripheral Blood
626cfdd7-3920-4b81-ae49-47f5d4e4b4f8	b50a3123-f5bb-48a4-996e-6dbcdf52cf39.rna_seq.augmented_star_gene_counts.tsv	Transcriptome Profiling	Gene Expression Quantification	BEATAML1.0-COHORT	2132	BA2437R	Blood Derived Normal
f302c35f-9497-43cc-bf58-039cc88d233d	fdd8eab3-af1b-423d-9349-1de531876d2d.rna_seq.augmented_star_gene_counts.tsv	Transcriptome Profiling	Gene Expression Quantification	BEATAML1.0-COHORT	2014	BA2226R	Primary Blood Derived Cancer - Bone Marrow
2d52ec43-ead0-4e55-9c27-4be7b05ef057	e48c3846-2a5b-40e3-9012-2d70e5925d68.rna_seq.augmented_star_gene_counts.tsv	Transcriptome Profiling	Gene Expression Quantification	BEATAML1.0-COHORT	2592	BA3071R	Recurrent Blood Derived Cancer - Peripheral Blood
6582e0f8-ce3e-4be7-a62a-2689144b7483	99904ec7-4760-46b6-80cb-2b08a7046fc9.rna_seq.augmented_star_gene_counts.tsv	Transcriptome Profiling	Gene Expression Quantification	BEATAML1.0-COHORT	2697	BA3211R	Recurrent Blood Derived Cancer - Bone Marrow
49c1180c-0fdb-4ac0-aed2-39bd6fa8e352	1ee4076a-183b-4dd6-9947-c4f7af754f50.rna_seq.augmented_star_gene_counts.tsv	Transcriptome Profiling	Gene Expression Quantification	BEATAML1.0-COHORT	2522	BA2746R	Primary Blood Derived Cancer - Bone Marrow
8c295721-576e-494a-81c4-12732250b4d2	7dd57a9b-7734-4a98-bde5-d99954baa378.rna_seq.augmented_star_gene_counts.tsv	Transcriptome Profiling	Gene Expression Quantification	BEATAML1.0-COHORT	2607	BA3416R	Primary Blood Derived Cancer - Bone Marrow
401fc1bb-bb68-48b2-8668-9ad59bb707f5	3efea603-ceb9-43a0-bf3b-af8708f2e42e.rna_seq.augmented_star_gene_counts.tsv	Transcriptome Profiling	Gene Expression Quantification	BEATAML1.0-COHORT	2500	BA2516R	Recurrent Blood Derived Cancer - Peripheral Blood
da12456b-cbee-4227-8292-98032cd8dc07	05c1f5f4-6adf-4307-88ba-1c547c02c65b.rna_seq.augmented_star_gene_counts.tsv	Transcriptome Profiling	Gene Expression Quantification	BEATAML1.0-COHORT	2151	BA2423R	Recurrent Blood Derived Cancer - Peripheral Blood
20cbaa1c-b707-4fad-9db2-a689fbd8c2e8	195e033c-2cc9-40fb-819b-4a2b3c5a3b5d.rna_seq.augmented_star_gene_counts.tsv	Transcriptome Profiling	Gene Expression Quantification	BEATAML1.0-COHORT	2277	BA2385R	Recurrent Blood Derived Cancer - Bone Marrow
46d58102-65a6-4dbf-8d64-b5259c26bac2	54cf83f7-b0cc-46cc-a677-ae44647ea4d4.rna_seq.augmented_star_gene_counts.tsv	Transcriptome Profiling	Gene Expression Quantification	BEATAML1.0-COHORT	2266	BA2685R	Recurrent Blood Derived Cancer - Bone Marrow
09021544-a2da-4c8b-8c56-cdebbe45add0	09bcb526-8578-4555-babc-76a6f014f5e8.rna_seq.augmented_star_gene_counts.tsv	Transcriptome Profiling	Gene Expression Quantification	BEATAML1.0-COHORT	2752	BA3448R	Primary Blood Derived Cancer - Bone Marrow
7e20f4a9-b1c3-4254-bfa4-9ce946c4cd0c	7b821d45-abd4-4e0f-bdc6-75165fc55426.rna_seq.augmented_star_gene_counts.tsv	Transcriptome Profiling	Gene Expression Quantification	BEATAML1.0-COHORT	2336	BA2302R	Recurrent Blood Derived Cancer - Peripheral Blood
0584a364-fb6e-4da2-9361-e13b79a93b24	06916cf4-2984-4b86-9661-281e0b7faf71.rna_seq.augmented_star_gene_counts.tsv	Transcriptome Profiling	Gene Expression Quantification	BEATAML1.0-COHORT	2626	BA3095R	Primary Blood Derived Cancer - Bone Marrow
58a10a55-f846-4943-968d-819f2204af3b	d55467be-391f-42c5-9c8e-ac5c34ce6c12.rna_seq.augmented_star_gene_counts.tsv	Transcriptome Profiling	Gene Expression Quantification	BEATAML1.0-COHORT	2226	BA2934R	Recurrent Blood Derived Cancer - Peripheral Blood
04a82281-ac47-44ce-be36-b8a4f8154317	29fd90ab-311e-428b-959e-e0e0febf85f2.rna_seq.augmented_star_gene_counts.tsv	Transcriptome Profiling	Gene Expression Quantification	BEATAML1.0-COHORT	2080	BA2034R	Recurrent Blood Derived Cancer - Peripheral Blood
4d632835-704e-4b62-9f67-3baf7bb6bc7b	606f1094-a33f-4fa8-8fdc-d45ffee99ee7.rna_seq.augmented_star_gene_counts.tsv	Transcriptome Profiling	Gene Expression Quantification	BEATAML1.0-COHORT	2610	BA3130R	Primary Blood Derived Cancer - Bone Marrow
58ecd994-7c26-420e-bdd5-f741d2c1774c	c9e0b07d-6498-454e-a175-9c52db06f1f9.rna_seq.augmented_star_gene_counts.tsv	Transcriptome Profiling	Gene Expression Quantification	BEATAML1.0-COHORT	2255	BA2704R	Primary Blood Derived Cancer - Bone Marrow
6b3132a6-24ae-4bbf-a7eb-31701e5988e3	a836a746-cc62-479d-91e2-32d329ee4409.rna_seq.augmented_star_gene_counts.tsv	Transcriptome Profiling	Gene Expression Quantification	BEATAML1.0-COHORT	2685	BA3293R	Recurrent Blood Derived Cancer - Peripheral Blood
c0cef305-ce5f-4a82-aaf0-62561a89b421	9c06560d-55b9-4e5b-b968-2cb1c50c6541.rna_seq.augmented_star_gene_counts.tsv	Transcriptome Profiling	Gene Expression Quantification	BEATAML1.0-COHORT	2134	BA2524R	Primary Blood Derived Cancer - Peripheral Blood
de80c5e6-510a-466a-84b1-24c7ca341118	09eabcdb-b093-416c-8e80-e2f8a33400cd.rna_seq.augmented_star_gene_counts.tsv	Transcriptome Profiling	Gene Expression Quantification	BEATAML1.0-COHORT	2096	BA3276R	Control Analyte
c9b52a13-11d9-49d1-adff-e5e3f3b14813	f41d682e-8767-4ce7-beb6-55fee759c85d.rna_seq.augmented_star_gene_counts.tsv	Transcriptome Profiling	Gene Expression Quantification	BEATAML1.0-COHORT	2447	BA2260R	Primary Blood Derived Cancer - Peripheral Blood
1d3bb88d-c0ad-4ca6-8d9e-c30552f50ba4	d4dd423e-bf5c-4a6c-8c97-115aea1a6957.rna_seq.augmented_star_gene_counts.tsv	Transcriptome Profiling	Gene Expression Quantification	BEATAML1.0-COHORT	2096	BA2506R	Control Analyte
bfba1590-901d-4b00-8b30-ac8c7480ebd8	429acaa7-ee40-4087-a000-9404aa2c36db.rna_seq.augmented_star_gene_counts.tsv	Transcriptome Profiling	Gene Expression Quantification	BEATAML1.0-COHORT	2596	BA3128R	Recurrent Blood Derived Cancer - Peripheral Blood
700a1ff9-0e0e-4bde-a015-085746f15659	50863492-45ac-4459-afb8-3937b9510344.rna_seq.augmented_star_gene_counts.tsv	Transcriptome Profiling	Gene Expression Quantification	BEATAML1.0-COHORT	2096	BA2612R	Control Analyte
ec61cad6-d2ae-4d3f-bba0-bcccf2813bdd	097efdd2-e60c-4267-a75c-6a667f521034.rna_seq.augmented_star_gene_counts.tsv	Transcriptome Profiling	Gene Expression Quantification	BEATAML1.0-COHORT	2096	BA2845R	Control Analyte
8b7413ab-ac0c-47d3-8fc7-8b2f51890228	27300ce2-e24d-4f42-a3b0-820776b93d9e.rna_seq.augmented_star_gene_counts.tsv	Transcriptome Profiling	Gene Expression Quantification	BEATAML1.0-COHORT	2096	BA2730R	Control Analyte
bc378598-2429-40c2-9626-ed82eb861b2f	148b9cf8-794a-49d4-bc23-3340a29ddaa0.rna_seq.augmented_star_gene_counts.tsv	Transcriptome Profiling	Gene Expression Quantification	BEATAML1.0-COHORT	2717	BA3228R	Recurrent Blood Derived Cancer - Peripheral Blood
53994a3d-d751-49d3-abb9-936a9dfaa64a	0b03d546-cd09-40ea-abee-c31f795943c9.rna_seq.augmented_star_gene_counts.tsv	Transcriptome Profiling	Gene Expression Quantification	BEATAML1.0-COHORT	2538	BA2217R	Primary Blood Derived Cancer - Bone Marrow
c72c4d45-7c8c-404f-bc69-7f7cc3121cb3	ca5fabfd-e39f-4f62-af09-7e487db3aa9a.rna_seq.augmented_star_gene_counts.tsv	Transcriptome Profiling	Gene Expression Quantification	BEATAML1.0-COHORT	2129	BA2163R	Recurrent Blood Derived Cancer - Bone Marrow
a8ef5be9-a95d-4fd3-a00d-0fceda3ec14f	3f60e9a6-74e0-4404-958c-0eac7566a544.rna_seq.augmented_star_gene_counts.tsv	Transcriptome Profiling	Gene Expression Quantification	BEATAML1.0-COHORT	2390	BA2723R	Recurrent Blood Derived Cancer - Peripheral Blood
8b4f1bf8-c1e4-4683-a3b6-2bbfb7b1ec58	56df661a-f3e2-487d-b492-0e8a90d78ee5.rna_seq.augmented_star_gene_counts.tsv	Transcriptome Profiling	Gene Expression Quantification	BEATAML1.0-COHORT	2386	BA2271R	Primary Blood Derived Cancer - Peripheral Blood
88702903-9669-486c-bc12-7902b2b090da	f7cf94a5-9ea6-4aba-b91c-30c50484d7e6.rna_seq.augmented_star_gene_counts.tsv	Transcriptome Profiling	Gene Expression Quantification	BEATAML1.0-COHORT	2429	BA2446R	Recurrent Blood Derived Cancer - Bone Marrow
3d673723-73fd-4539-8a17-e512164cfa92	9953e262-e4ea-42df-826f-dba2bf620054.rna_seq.augmented_star_gene_counts.tsv	Transcriptome Profiling	Gene Expression Quantification	BEATAML1.0-COHORT	2276	BA2369R	Recurrent Blood Derived Cancer - Bone Marrow
417beec1-e981-469b-a09d-a3df13a2790b	d1a32be8-7306-400f-ac0a-82ebd57f567a.rna_seq.augmented_star_gene_counts.tsv	Transcriptome Profiling	Gene Expression Quantification	BEATAML1.0-COHORT	2086	BA2971R	Recurrent Blood Derived Cancer - Bone Marrow
2bfe2fe1-f4f7-4feb-93b1-c95b57d77452	4de93c86-ed9b-4cae-8222-35d81b2e7470.rna_seq.augmented_star_gene_counts.tsv	Transcriptome Profiling	Gene Expression Quantification	BEATAML1.0-COHORT	2083	BA2778R	Primary Blood Derived Cancer - Bone Marrow
700f1a2e-7753-4886-9ef5-0f3475beb898	6d86ca8d-3f8c-4f02-9795-1c19ef66dcd3.rna_seq.augmented_star_gene_counts.tsv	Transcriptome Profiling	Gene Expression Quantification	BEATAML1.0-COHORT	2366	BA2714R	Primary Blood Derived Cancer - Peripheral Blood
0e0a2776-524d-4a19-8ae3-34a2774607a1	4a928f7d-0a1d-461c-9d52-e7c5bab2b518.rna_seq.augmented_star_gene_counts.tsv	Transcriptome Profiling	Gene Expression Quantification	BEATAML1.0-COHORT	2172	BA2483R	Recurrent Blood Derived Cancer - Peripheral Blood
9c2a86df-f251-4a80-84e0-94c074096d63	dba2105a-38f0-4b5e-bcbb-c9aedcbb38d6.rna_seq.augmented_star_gene_counts.tsv	Transcriptome Profiling	Gene Expression Quantification	BEATAML1.0-COHORT	2410	BA2402R	Recurrent Blood Derived Cancer - Peripheral Blood
51a11dc4-1e11-4363-8cbb-9110c9a058f9	6a419c86-6dd7-4e93-84f9-8a706980b51b.rna_seq.augmented_star_gene_counts.tsv	Transcriptome Profiling	Gene Expression Quantification	BEATAML1.0-COHORT	2476	BA3073R	Recurrent Blood Derived Cancer - Peripheral Blood
c0cca8c4-249f-4a2c-b09f-9c167332df17	04a87d93-958f-49dd-9f46-07253274d16a.rna_seq.augmented_star_gene_counts.tsv	Transcriptome Profiling	Gene Expression Quantification	BEATAML1.0-COHORT	2529	BA2221R	Recurrent Blood Derived Cancer - Bone Marrow
8ae788a3-3eb9-418c-b938-9100894473aa	ca1cf029-d60d-413c-b89b-98c5b3d22a92.rna_seq.augmented_star_gene_counts.tsv	Transcriptome Profiling	Gene Expression Quantification	BEATAML1.0-COHORT	2260	BA2412R	Recurrent Blood Derived Cancer - Peripheral Blood
25b7bef8-9cac-4fc3-b6fe-e32a1153105f	adf7f20d-7921-4bdb-82b1-3cfb409eb0c6.rna_seq.augmented_star_gene_counts.tsv	Transcriptome Profiling	Gene Expression Quantification	BEATAML1.0-COHORT	2654	BA3386R	Primary Blood Derived Cancer - Peripheral Blood
4f5b522b-95fc-4a95-b25b-99981edbc1fa	1b26766e-ac76-4e23-bd38-c85005051942.rna_seq.augmented_star_gene_counts.tsv	Transcriptome Profiling	Gene Expression Quantification	BEATAML1.0-COHORT	2453	BA2622R	Primary Blood Derived Cancer - Bone Marrow
7381de45-7a35-47af-b909-f997cd9b02c0	7a47d141-908d-49c0-833e-10262c827ef4.rna_seq.augmented_star_gene_counts.tsv	Transcriptome Profiling	Gene Expression Quantification	BEATAML1.0-COHORT	2446	BA2236R	Recurrent Blood Derived Cancer - Bone Marrow
2ddf8eac-9a7b-4f67-bd14-2f82f985aa01	c009471c-54a8-4aa9-bfa0-13ef040acfcc.rna_seq.augmented_star_gene_counts.tsv	Transcriptome Profiling	Gene Expression Quantification	BEATAML1.0-COHORT	2453	BA2930R	Recurrent Blood Derived Cancer - Peripheral Blood
83843293-bc5a-407c-82e5-d29371bbd7eb	41280624-c720-493d-bc6e-5edd1df2b2ae.rna_seq.augmented_star_gene_counts.tsv	Transcriptome Profiling	Gene Expression Quantification	BEATAML1.0-COHORT	2094	BA2728R	Recurrent Blood Derived Cancer - Bone Marrow
